,partition,product_type,scene_id,detect_scene_column,detect_scene_row,vessel_length_m,is_vessel,is_fishing,GRD_product_identifier
0,validation,GRD,5c3d986db930f848v,4487,11509,100,True,False,S1B_IW_GRDH_1SDV_20200803T075721_20200803T075746_022756_02B2FF_033A
1,validation,GRD,5c3d986db930f848v,7395,4217,100,True,True,S1B_IW_GRDH_1SDV_20200803T075721_20200803T075746_022756_02B2FF_033A
2,validation,GRD,5c3d986db930f848v,372,6551,100,False,False,S1B_IW_GRDH_1SDV_20200803T075721_20200803T075746_022756_02B2FF_033A
3,validation,GRD,5c3d986db930f848v,21858,3330,100,False,True,S1B_IW_GRDH_1SDV_20200803T075721_20200803T075746_022756_02B2FF_033A
4,validation,GRD,5c3d986db930f848v,1934,11519,100,True,False,S1B_IW_GRDH_1SDV_20200803T075721_20200803T075746_022756_02B2FF_033A
5,validation,GRD,5c3d986db930f848v,11740,2668,100,True,True,S1B_IW_GRDH_1SDV_20200803T075721_20200803T075746_022756_02B2FF_033A
6,validation,GRD,5c3d986db930f848v,206,7023,100,False,False,S1B_IW_GRDH_1SDV_20200803T075721_20200803T075746_022756_02B2FF_033A
7,validation,GRD,5c3d986db930f848v,6942,3837,100,False,False,S1B_IW_GRDH_1SDV_20200803T075721_20200803T075746_022756_02B2FF_033A
8,validation,GRD,5c3d986db930f848v,4822,6733,100,False,True,S1B_IW_GRDH_1SDV_20200803T075721_20200803T075746_022756_02B2FF_033A
9,validation,GRD,5c3d986db930f848v,1266,9870,100,True,True,S1B_IW_GRDH_1SDV_20200803T075721_20200803T075746_022756_02B2FF_033A
10,validation,GRD,5c3d986db930f848v,6485,2862,100,True,True,S1B_IW_GRDH_1SDV_20200803T075721_20200803T075746_022756_02B2FF_033A
11,validation,GRD,5c3d986db930f848v,1539,10627,100,False,False,S1B_IW_GRDH_1SDV_20200803T075721_20200803T075746_022756_02B2FF_033A
12,validation,GRD,5c3d986db930f848v,6839,3158,100,True,True,S1B_IW_GRDH_1SDV_20200803T075721_20200803T075746_022756_02B2FF_033A
13,validation,GRD,5c3d986db930f848v,2221,8735,100,False,False,S1B_IW_GRDH_1SDV_20200803T075721_20200803T075746_022756_02B2FF_033A
14,validation,GRD,5c3d986db930f848v,11034,902,100,True,False,S1B_IW_GRDH_1SDV_20200803T075721_20200803T075746_022756_02B2FF_033A
15,validation,GRD,5c3d986db930f848v,620,7895,100,False,False,S1B_IW_GRDH_1SDV_20200803T075721_20200803T075746_022756_02B2FF_033A
16,validation,GRD,5c3d986db930f848v,713,9711,100,True,False,S1B_IW_GRDH_1SDV_20200803T075721_20200803T075746_022756_02B2FF_033A
17,validation,GRD,5c3d986db930f848v,6175,5368,100,True,False,S1B_IW_GRDH_1SDV_20200803T075721_20200803T075746_022756_02B2FF_033A
18,validation,GRD,5c3d986db930f848v,11088,10400,100,True,True,S1B_IW_GRDH_1SDV_20200803T075721_20200803T075746_022756_02B2FF_033A
19,validation,GRD,5c3d986db930f848v,19985,5663,100,True,False,S1B_IW_GRDH_1SDV_20200803T075721_20200803T075746_022756_02B2FF_033A
20,validation,GRD,5c3d986db930f848v,21927,4176,100,True,True,S1B_IW_GRDH_1SDV_20200803T075721_20200803T075746_022756_02B2FF_033A
21,validation,GRD,5c3d986db930f848v,774,6539,100,False,False,S1B_IW_GRDH_1SDV_20200803T075721_20200803T075746_022756_02B2FF_033A
22,validation,GRD,5c3d986db930f848v,799,7267,100,False,False,S1B_IW_GRDH_1SDV_20200803T075721_20200803T075746_022756_02B2FF_033A
23,validation,GRD,5c3d986db930f848v,3264,10560,100,False,False,S1B_IW_GRDH_1SDV_20200803T075721_20200803T075746_022756_02B2FF_033A
24,validation,GRD,5c3d986db930f848v,9342,1333,100,False,False,S1B_IW_GRDH_1SDV_20200803T075721_20200803T075746_022756_02B2FF_033A
25,validation,GRD,5c3d986db930f848v,5036,5939,100,True,False,S1B_IW_GRDH_1SDV_20200803T075721_20200803T075746_022756_02B2FF_033A
26,validation,GRD,5c3d986db930f848v,4313,4945,100,True,False,S1B_IW_GRDH_1SDV_20200803T075721_20200803T075746_022756_02B2FF_033A
27,validation,GRD,5c3d986db930f848v,21697,3148,100,False,False,S1B_IW_GRDH_1SDV_20200803T075721_20200803T075746_022756_02B2FF_033A
28,validation,GRD,5c3d986db930f848v,17939,3473,100,False,False,S1B_IW_GRDH_1SDV_20200803T075721_20200803T075746_022756_02B2FF_033A
29,validation,GRD,5c3d986db930f848v,13222,3246,100,True,False,S1B_IW_GRDH_1SDV_20200803T075721_20200803T075746_022756_02B2FF_033A
30,validation,GRD,5c3d986db930f848v,21590,3402,100,False,False,S1B_IW_GRDH_1SDV_20200803T075721_20200803T075746_022756_02B2FF_033A
31,validation,GRD,5c3d986db930f848v,2065,6028,100,False,False,S1B_IW_GRDH_1SDV_20200803T075721_20200803T075746_022756_02B2FF_033A
32,validation,GRD,5c3d986db930f848v,6847,2915,100,False,True,S1B_IW_GRDH_1SDV_20200803T075721_20200803T075746_022756_02B2FF_033A
33,validation,GRD,5c3d986db930f848v,4765,8322,100,True,False,S1B_IW_GRDH_1SDV_20200803T075721_20200803T075746_022756_02B2FF_033A
34,validation,GRD,5c3d986db930f848v,7701,2430,100,True,False,S1B_IW_GRDH_1SDV_20200803T075721_20200803T075746_022756_02B2FF_033A
35,validation,GRD,5c3d986db930f848v,5052,7669,100,True,False,S1B_IW_GRDH_1SDV_20200803T075721_20200803T075746_022756_02B2FF_033A
36,validation,GRD,5c3d986db930f848v,889,8188,100,False,True,S1B_IW_GRDH_1SDV_20200803T075721_20200803T075746_022756_02B2FF_033A
37,validation,GRD,5c3d986db930f848v,593,6697,100,False,False,S1B_IW_GRDH_1SDV_20200803T075721_20200803T075746_022756_02B2FF_033A
38,validation,GRD,5c3d986db930f848v,5218,6060,100,False,True,S1B_IW_GRDH_1SDV_20200803T075721_20200803T075746_022756_02B2FF_033A
39,validation,GRD,5c3d986db930f848v,663,6506,100,False,False,S1B_IW_GRDH_1SDV_20200803T075721_20200803T075746_022756_02B2FF_033A
40,validation,GRD,5c3d986db930f848v,20226,13933,100,True,True,S1B_IW_GRDH_1SDV_20200803T075721_20200803T075746_022756_02B2FF_033A
41,validation,GRD,5c3d986db930f848v,19463,4845,100,True,False,S1B_IW_GRDH_1SDV_20200803T075721_20200803T075746_022756_02B2FF_033A
42,validation,GRD,5c3d986db930f848v,13988,497,100,True,False,S1B_IW_GRDH_1SDV_20200803T075721_20200803T075746_022756_02B2FF_033A
43,validation,GRD,5c3d986db930f848v,1772,6850,100,False,False,S1B_IW_GRDH_1SDV_20200803T075721_20200803T075746_022756_02B2FF_033A
44,validation,GRD,5c3d986db930f848v,20750,3809,100,False,False,S1B_IW_GRDH_1SDV_20200803T075721_20200803T075746_022756_02B2FF_033A
45,validation,GRD,5c3d986db930f848v,914,8200,100,False,False,S1B_IW_GRDH_1SDV_20200803T075721_20200803T075746_022756_02B2FF_033A
46,validation,GRD,5c3d986db930f848v,7381,4380,100,True,False,S1B_IW_GRDH_1SDV_20200803T075721_20200803T075746_022756_02B2FF_033A
47,validation,GRD,5c3d986db930f848v,77,6822,100,True,False,S1B_IW_GRDH_1SDV_20200803T075721_20200803T075746_022756_02B2FF_033A
48,validation,GRD,5c3d986db930f848v,554,6649,100,False,True,S1B_IW_GRDH_1SDV_20200803T075721_20200803T075746_022756_02B2FF_033A
49,validation,GRD,5c3d986db930f848v,4377,4989,100,True,False,S1B_IW_GRDH_1SDV_20200803T075721_20200803T075746_022756_02B2FF_033A
50,validation,GRD,5c3d986db930f848v,3920,4269,100,False,True,S1B_IW_GRDH_1SDV_20200803T075721_20200803T075746_022756_02B2FF_033A
51,validation,GRD,5c3d986db930f848v,17933,3525,100,False,True,S1B_IW_GRDH_1SDV_20200803T075721_20200803T075746_022756_02B2FF_033A
52,validation,GRD,5c3d986db930f848v,10404,6798,100,False,False,S1B_IW_GRDH_1SDV_20200803T075721_20200803T075746_022756_02B2FF_033A
53,validation,GRD,5c3d986db930f848v,19968,7054,100,True,False,S1B_IW_GRDH_1SDV_20200803T075721_20200803T075746_022756_02B2FF_033A
54,validation,GRD,5c3d986db930f848v,10672,7735,100,True,False,S1B_IW_GRDH_1SDV_20200803T075721_20200803T075746_022756_02B2FF_033A
55,validation,GRD,5c3d986db930f848v,5637,9359,100,False,False,S1B_IW_GRDH_1SDV_20200803T075721_20200803T075746_022756_02B2FF_033A
56,validation,GRD,5c3d986db930f848v,358,14244,100,True,False,S1B_IW_GRDH_1SDV_20200803T075721_20200803T075746_022756_02B2FF_033A
57,validation,GRD,5c3d986db930f848v,20032,7210,100,True,False,S1B_IW_GRDH_1SDV_20200803T075721_20200803T075746_022756_02B2FF_033A
58,validation,GRD,5c3d986db930f848v,6463,2489,100,False,False,S1B_IW_GRDH_1SDV_20200803T075721_20200803T075746_022756_02B2FF_033A
59,validation,GRD,5c3d986db930f848v,450,7623,100,True,True,S1B_IW_GRDH_1SDV_20200803T075721_20200803T075746_022756_02B2FF_033A
60,validation,GRD,5c3d986db930f848v,11540,491,100,True,False,S1B_IW_GRDH_1SDV_20200803T075721_20200803T075746_022756_02B2FF_033A
61,validation,GRD,5c3d986db930f848v,12302,4284,100,True,False,S1B_IW_GRDH_1SDV_20200803T075721_20200803T075746_022756_02B2FF_033A
62,validation,GRD,5c3d986db930f848v,1637,9283,100,False,False,S1B_IW_GRDH_1SDV_20200803T075721_20200803T075746_022756_02B2FF_033A
63,validation,GRD,5c3d986db930f848v,1095,7144,100,True,True,S1B_IW_GRDH_1SDV_20200803T075721_20200803T075746_022756_02B2FF_033A
64,validation,GRD,5c3d986db930f848v,1625,8159,100,True,True,S1B_IW_GRDH_1SDV_20200803T075721_20200803T075746_022756_02B2FF_033A
65,validation,GRD,5c3d986db930f848v,137,12407,100,True,False,S1B_IW_GRDH_1SDV_20200803T075721_20200803T075746_022756_02B2FF_033A
66,validation,GRD,5c3d986db930f848v,15235,4263,100,True,True,S1B_IW_GRDH_1SDV_20200803T075721_20200803T075746_022756_02B2FF_033A
67,validation,GRD,5c3d986db930f848v,4723,5563,100,False,True,S1B_IW_GRDH_1SDV_20200803T075721_20200803T075746_022756_02B2FF_033A
68,validation,GRD,5c3d986db930f848v,329,7599,100,False,False,S1B_IW_GRDH_1SDV_20200803T075721_20200803T075746_022756_02B2FF_033A
69,validation,GRD,5c3d986db930f848v,20890,7274,100,True,True,S1B_IW_GRDH_1SDV_20200803T075721_20200803T075746_022756_02B2FF_033A
70,validation,GRD,5c3d986db930f848v,1446,7743,100,True,False,S1B_IW_GRDH_1SDV_20200803T075721_20200803T075746_022756_02B2FF_033A
71,validation,GRD,5c3d986db930f848v,4140,4752,100,False,False,S1B_IW_GRDH_1SDV_20200803T075721_20200803T075746_022756_02B2FF_033A
72,validation,GRD,5c3d986db930f848v,807,7421,100,False,False,S1B_IW_GRDH_1SDV_20200803T075721_20200803T075746_022756_02B2FF_033A
73,validation,GRD,5c3d986db930f848v,1071,9511,100,True,False,S1B_IW_GRDH_1SDV_20200803T075721_20200803T075746_022756_02B2FF_033A
74,validation,GRD,5c3d986db930f848v,3276,6478,100,True,False,S1B_IW_GRDH_1SDV_20200803T075721_20200803T075746_022756_02B2FF_033A
75,validation,GRD,5c3d986db930f848v,20359,7530,100,True,True,S1B_IW_GRDH_1SDV_20200803T075721_20200803T075746_022756_02B2FF_033A
76,validation,GRD,5c3d986db930f848v,7442,1310,100,True,False,S1B_IW_GRDH_1SDV_20200803T075721_20200803T075746_022756_02B2FF_033A
77,validation,GRD,5c3d986db930f848v,5183,8623,100,True,True,S1B_IW_GRDH_1SDV_20200803T075721_20200803T075746_022756_02B2FF_033A
78,validation,GRD,5c3d986db930f848v,6452,3894,100,True,False,S1B_IW_GRDH_1SDV_20200803T075721_20200803T075746_022756_02B2FF_033A
79,validation,GRD,5c3d986db930f848v,1756,11378,100,True,False,S1B_IW_GRDH_1SDV_20200803T075721_20200803T075746_022756_02B2FF_033A
80,validation,GRD,5c3d986db930f848v,11664,3231,100,True,False,S1B_IW_GRDH_1SDV_20200803T075721_20200803T075746_022756_02B2FF_033A
81,validation,GRD,5c3d986db930f848v,4634,6935,100,True,False,S1B_IW_GRDH_1SDV_20200803T075721_20200803T075746_022756_02B2FF_033A
82,validation,GRD,5c3d986db930f848v,12742,4566,100,False,True,S1B_IW_GRDH_1SDV_20200803T075721_20200803T075746_022756_02B2FF_033A
83,validation,GRD,5c3d986db930f848v,10268,8954,100,False,True,S1B_IW_GRDH_1SDV_20200803T075721_20200803T075746_022756_02B2FF_033A
84,validation,GRD,5c3d986db930f848v,2054,8511,100,False,False,S1B_IW_GRDH_1SDV_20200803T075721_20200803T075746_022756_02B2FF_033A
85,validation,GRD,5c3d986db930f848v,1158,10251,100,True,False,S1B_IW_GRDH_1SDV_20200803T075721_20200803T075746_022756_02B2FF_033A
86,validation,GRD,5c3d986db930f848v,21159,8605,100,True,False,S1B_IW_GRDH_1SDV_20200803T075721_20200803T075746_022756_02B2FF_033A
87,validation,GRD,5c3d986db930f848v,21526,4278,100,True,False,S1B_IW_GRDH_1SDV_20200803T075721_20200803T075746_022756_02B2FF_033A
88,validation,GRD,5c3d986db930f848v,10954,1236,100,True,False,S1B_IW_GRDH_1SDV_20200803T075721_20200803T075746_022756_02B2FF_033A
89,validation,GRD,5c3d986db930f848v,13617,2929,100,True,False,S1B_IW_GRDH_1SDV_20200803T075721_20200803T075746_022756_02B2FF_033A
90,validation,GRD,5c3d986db930f848v,3804,6091,100,True,True,S1B_IW_GRDH_1SDV_20200803T075721_20200803T075746_022756_02B2FF_033A
91,validation,GRD,5c3d986db930f848v,4944,6487,100,False,False,S1B_IW_GRDH_1SDV_20200803T075721_20200803T075746_022756_02B2FF_033A
92,validation,GRD,5c3d986db930f848v,1285,7719,100,True,False,S1B_IW_GRDH_1SDV_20200803T075721_20200803T075746_022756_02B2FF_033A
93,validation,GRD,5c3d986db930f848v,19964,2531,100,False,False,S1B_IW_GRDH_1SDV_20200803T075721_20200803T075746_022756_02B2FF_033A
94,validation,GRD,5c3d986db930f848v,11781,311,100,False,True,S1B_IW_GRDH_1SDV_20200803T075721_20200803T075746_022756_02B2FF_033A
95,validation,GRD,5c3d986db930f848v,12354,4358,100,False,False,S1B_IW_GRDH_1SDV_20200803T075721_20200803T075746_022756_02B2FF_033A
96,validation,GRD,5c3d986db930f848v,12168,4187,100,True,False,S1B_IW_GRDH_1SDV_20200803T075721_20200803T075746_022756_02B2FF_033A
97,validation,GRD,5c3d986db930f848v,10147,812,100,True,True,S1B_IW_GRDH_1SDV_20200803T075721_20200803T075746_022756_02B2FF_033A
98,validation,GRD,5c3d986db930f848v,3544,5820,100,False,True,S1B_IW_GRDH_1SDV_20200803T075721_20200803T075746_022756_02B2FF_033A
99,validation,GRD,5c3d986db930f848v,19956,5558,100,True,False,S1B_IW_GRDH_1SDV_20200803T075721_20200803T075746_022756_02B2FF_033A
100,validation,GRD,5c3d986db930f848v,5149,8948,100,True,False,S1B_IW_GRDH_1SDV_20200803T075721_20200803T075746_022756_02B2FF_033A
101,validation,GRD,5c3d986db930f848v,10228,8896,100,False,False,S1B_IW_GRDH_1SDV_20200803T075721_20200803T075746_022756_02B2FF_033A
102,validation,GRD,5c3d986db930f848v,18801,3255,100,True,False,S1B_IW_GRDH_1SDV_20200803T075721_20200803T075746_022756_02B2FF_033A
103,validation,GRD,5c3d986db930f848v,1030,10127,100,True,True,S1B_IW_GRDH_1SDV_20200803T075721_20200803T075746_022756_02B2FF_033A
104,validation,GRD,5c3d986db930f848v,12134,3500,100,False,False,S1B_IW_GRDH_1SDV_20200803T075721_20200803T075746_022756_02B2FF_033A
105,validation,GRD,5c3d986db930f848v,19432,10201,100,False,False,S1B_IW_GRDH_1SDV_20200803T075721_20200803T075746_022756_02B2FF_033A
106,validation,GRD,5c3d986db930f848v,19685,8279,100,True,False,S1B_IW_GRDH_1SDV_20200803T075721_20200803T075746_022756_02B2FF_033A
107,validation,GRD,5c3d986db930f848v,3069,7161,100,True,False,S1B_IW_GRDH_1SDV_20200803T075721_20200803T075746_022756_02B2FF_033A
108,validation,GRD,5c3d986db930f848v,13318,2989,100,True,True,S1B_IW_GRDH_1SDV_20200803T075721_20200803T075746_022756_02B2FF_033A
109,validation,GRD,5c3d986db930f848v,7269,1195,100,False,True,S1B_IW_GRDH_1SDV_20200803T075721_20200803T075746_022756_02B2FF_033A
110,validation,GRD,5c3d986db930f848v,1354,10374,100,True,False,S1B_IW_GRDH_1SDV_20200803T075721_20200803T075746_022756_02B2FF_033A
111,validation,GRD,5c3d986db930f848v,6852,2932,100,True,False,S1B_IW_GRDH_1SDV_20200803T075721_20200803T075746_022756_02B2FF_033A
112,validation,GRD,5c3d986db930f848v,1483,10586,100,False,False,S1B_IW_GRDH_1SDV_20200803T075721_20200803T075746_022756_02B2FF_033A
113,validation,GRD,5c3d986db930f848v,533,6942,100,True,False,S1B_IW_GRDH_1SDV_20200803T075721_20200803T075746_022756_02B2FF_033A
114,validation,GRD,5c3d986db930f848v,13974,2728,100,False,False,S1B_IW_GRDH_1SDV_20200803T075721_20200803T075746_022756_02B2FF_033A
115,validation,GRD,5c3d986db930f848v,2581,9366,100,False,False,S1B_IW_GRDH_1SDV_20200803T075721_20200803T075746_022756_02B2FF_033A
116,validation,GRD,5c3d986db930f848v,320,14319,100,True,False,S1B_IW_GRDH_1SDV_20200803T075721_20200803T075746_022756_02B2FF_033A
117,validation,GRD,5c3d986db930f848v,9885,577,100,False,False,S1B_IW_GRDH_1SDV_20200803T075721_20200803T075746_022756_02B2FF_033A
118,validation,GRD,5c3d986db930f848v,15678,9716,100,True,False,S1B_IW_GRDH_1SDV_20200803T075721_20200803T075746_022756_02B2FF_033A
119,validation,GRD,5c3d986db930f848v,6087,10367,100,True,False,S1B_IW_GRDH_1SDV_20200803T075721_20200803T075746_022756_02B2FF_033A
120,validation,GRD,5c3d986db930f848v,1747,8305,100,False,False,S1B_IW_GRDH_1SDV_20200803T075721_20200803T075746_022756_02B2FF_033A
121,validation,GRD,5c3d986db930f848v,19542,2604,100,False,False,S1B_IW_GRDH_1SDV_20200803T075721_20200803T075746_022756_02B2FF_033A
122,validation,GRD,5c3d986db930f848v,4897,7546,100,False,True,S1B_IW_GRDH_1SDV_20200803T075721_20200803T075746_022756_02B2FF_033A
123,validation,GRD,5c3d986db930f848v,18618,13719,100,False,False,S1B_IW_GRDH_1SDV_20200803T075721_20200803T075746_022756_02B2FF_033A
124,validation,GRD,5c3d986db930f848v,10366,5260,100,True,True,S1B_IW_GRDH_1SDV_20200803T075721_20200803T075746_022756_02B2FF_033A
125,validation,GRD,5c3d986db930f848v,23792,2057,100,True,False,S1B_IW_GRDH_1SDV_20200803T075721_20200803T075746_022756_02B2FF_033A
126,validation,GRD,5c3d986db930f848v,14707,2842,100,True,False,S1B_IW_GRDH_1SDV_20200803T075721_20200803T075746_022756_02B2FF_033A
127,validation,GRD,5c3d986db930f848v,13280,2279,100,False,False,S1B_IW_GRDH_1SDV_20200803T075721_20200803T075746_022756_02B2FF_033A
128,validation,GRD,5c3d986db930f848v,18976,9327,100,False,True,S1B_IW_GRDH_1SDV_20200803T075721_20200803T075746_022756_02B2FF_033A
129,validation,GRD,5c3d986db930f848v,5673,1951,100,True,False,S1B_IW_GRDH_1SDV_20200803T075721_20200803T075746_022756_02B2FF_033A
130,validation,GRD,5c3d986db930f848v,6065,1818,100,False,True,S1B_IW_GRDH_1SDV_20200803T075721_20200803T075746_022756_02B2FF_033A
131,validation,GRD,5c3d986db930f848v,17470,2706,100,False,False,S1B_IW_GRDH_1SDV_20200803T075721_20200803T075746_022756_02B2FF_033A
132,validation,GRD,5c3d986db930f848v,20666,9759,100,True,False,S1B_IW_GRDH_1SDV_20200803T075721_20200803T075746_022756_02B2FF_033A
133,validation,GRD,5c3d986db930f848v,14531,1428,100,False,False,S1B_IW_GRDH_1SDV_20200803T075721_20200803T075746_022756_02B2FF_033A
134,validation,GRD,5c3d986db930f848v,14167,2607,100,False,True,S1B_IW_GRDH_1SDV_20200803T075721_20200803T075746_022756_02B2FF_033A
135,validation,GRD,5c3d986db930f848v,7654,1988,100,True,False,S1B_IW_GRDH_1SDV_20200803T075721_20200803T075746_022756_02B2FF_033A
136,validation,GRD,5c3d986db930f848v,4244,4883,100,True,False,S1B_IW_GRDH_1SDV_20200803T075721_20200803T075746_022756_02B2FF_033A
137,validation,GRD,5c3d986db930f848v,5081,7637,100,True,False,S1B_IW_GRDH_1SDV_20200803T075721_20200803T075746_022756_02B2FF_033A
138,validation,GRD,5c3d986db930f848v,15460,1754,100,True,False,S1B_IW_GRDH_1SDV_20200803T075721_20200803T075746_022756_02B2FF_033A
139,validation,GRD,5c3d986db930f848v,19064,2840,100,True,False,S1B_IW_GRDH_1SDV_20200803T075721_20200803T075746_022756_02B2FF_033A
140,validation,GRD,5c3d986db930f848v,13268,2691,100,False,False,S1B_IW_GRDH_1SDV_20200803T075721_20200803T075746_022756_02B2FF_033A
141,validation,GRD,5c3d986db930f848v,21729,3630,100,True,False,S1B_IW_GRDH_1SDV_20200803T075721_20200803T075746_022756_02B2FF_033A
142,validation,GRD,5c3d986db930f848v,8313,2752,100,False,False,S1B_IW_GRDH_1SDV_20200803T075721_20200803T075746_022756_02B2FF_033A
143,validation,GRD,5c3d986db930f848v,17363,13794,100,True,False,S1B_IW_GRDH_1SDV_20200803T075721_20200803T075746_022756_02B2FF_033A
144,validation,GRD,5c3d986db930f848v,6809,3109,100,True,False,S1B_IW_GRDH_1SDV_20200803T075721_20200803T075746_022756_02B2FF_033A
145,validation,GRD,5c3d986db930f848v,532,6637,100,True,False,S1B_IW_GRDH_1SDV_20200803T075721_20200803T075746_022756_02B2FF_033A
146,validation,GRD,5c3d986db930f848v,13337,4862,100,True,True,S1B_IW_GRDH_1SDV_20200803T075721_20200803T075746_022756_02B2FF_033A
147,validation,GRD,5c3d986db930f848v,2469,9195,100,True,False,S1B_IW_GRDH_1SDV_20200803T075721_20200803T075746_022756_02B2FF_033A
148,validation,GRD,5c3d986db930f848v,13447,2067,100,True,False,S1B_IW_GRDH_1SDV_20200803T075721_20200803T075746_022756_02B2FF_033A
149,validation,GRD,5c3d986db930f848v,12374,10557,100,False,False,S1B_IW_GRDH_1SDV_20200803T075721_20200803T075746_022756_02B2FF_033A
150,validation,GRD,5c3d986db930f848v,14719,1641,100,True,False,S1B_IW_GRDH_1SDV_20200803T075721_20200803T075746_022756_02B2FF_033A
151,validation,GRD,5c3d986db930f848v,4415,4871,100,False,False,S1B_IW_GRDH_1SDV_20200803T075721_20200803T075746_022756_02B2FF_033A
152,validation,GRD,5c3d986db930f848v,914,13589,100,True,False,S1B_IW_GRDH_1SDV_20200803T075721_20200803T075746_022756_02B2FF_033A
153,validation,GRD,5c3d986db930f848v,2232,5484,100,False,False,S1B_IW_GRDH_1SDV_20200803T075721_20200803T075746_022756_02B2FF_033A
154,validation,GRD,5c3d986db930f848v,11677,2962,100,False,False,S1B_IW_GRDH_1SDV_20200803T075721_20200803T075746_022756_02B2FF_033A
155,validation,GRD,5c3d986db930f848v,14442,1972,100,True,False,S1B_IW_GRDH_1SDV_20200803T075721_20200803T075746_022756_02B2FF_033A
156,validation,GRD,5c3d986db930f848v,14938,2246,100,True,False,S1B_IW_GRDH_1SDV_20200803T075721_20200803T075746_022756_02B2FF_033A
157,validation,GRD,5c3d986db930f848v,16330,2103,100,True,False,S1B_IW_GRDH_1SDV_20200803T075721_20200803T075746_022756_02B2FF_033A
158,validation,GRD,5c3d986db930f848v,11996,10235,100,True,False,S1B_IW_GRDH_1SDV_20200803T075721_20200803T075746_022756_02B2FF_033A
159,validation,GRD,5c3d986db930f848v,16621,2625,100,True,True,S1B_IW_GRDH_1SDV_20200803T075721_20200803T075746_022756_02B2FF_033A
160,validation,GRD,5c3d986db930f848v,2366,9064,100,True,False,S1B_IW_GRDH_1SDV_20200803T075721_20200803T075746_022756_02B2FF_033A
161,validation,GRD,5c3d986db930f848v,1518,7931,100,True,False,S1B_IW_GRDH_1SDV_20200803T075721_20200803T075746_022756_02B2FF_033A
162,validation,GRD,5c3d986db930f848v,20235,5028,100,True,False,S1B_IW_GRDH_1SDV_20200803T075721_20200803T075746_022756_02B2FF_033A
163,validation,GRD,5c3d986db930f848v,18746,9420,100,False,True,S1B_IW_GRDH_1SDV_20200803T075721_20200803T075746_022756_02B2FF_033A
164,validation,GRD,5c3d986db930f848v,15355,3115,100,False,True,S1B_IW_GRDH_1SDV_20200803T075721_20200803T075746_022756_02B2FF_033A
165,validation,GRD,5c3d986db930f848v,10866,6145,100,True,True,S1B_IW_GRDH_1SDV_20200803T075721_20200803T075746_022756_02B2FF_033A
166,validation,GRD,5c3d986db930f848v,4494,7373,100,True,False,S1B_IW_GRDH_1SDV_20200803T075721_20200803T075746_022756_02B2FF_033A
167,validation,GRD,5c3d986db930f848v,342,6440,100,True,False,S1B_IW_GRDH_1SDV_20200803T075721_20200803T075746_022756_02B2FF_033A
168,validation,GRD,5c3d986db930f848v,179,14868,100,False,False,S1B_IW_GRDH_1SDV_20200803T075721_20200803T075746_022756_02B2FF_033A
169,validation,GRD,5c3d986db930f848v,11234,3762,100,False,True,S1B_IW_GRDH_1SDV_20200803T075721_20200803T075746_022756_02B2FF_033A
170,validation,GRD,5c3d986db930f848v,12967,3121,100,False,False,S1B_IW_GRDH_1SDV_20200803T075721_20200803T075746_022756_02B2FF_033A
171,validation,GRD,5c3d986db930f848v,11435,6799,100,True,False,S1B_IW_GRDH_1SDV_20200803T075721_20200803T075746_022756_02B2FF_033A
172,validation,GRD,5c3d986db930f848v,1086,7395,100,False,False,S1B_IW_GRDH_1SDV_20200803T075721_20200803T075746_022756_02B2FF_033A
173,validation,GRD,5c3d986db930f848v,4735,7380,100,True,True,S1B_IW_GRDH_1SDV_20200803T075721_20200803T075746_022756_02B2FF_033A
174,validation,GRD,5c3d986db930f848v,19447,10214,100,False,False,S1B_IW_GRDH_1SDV_20200803T075721_20200803T075746_022756_02B2FF_033A
175,validation,GRD,5c3d986db930f848v,1888,8308,100,True,False,S1B_IW_GRDH_1SDV_20200803T075721_20200803T075746_022756_02B2FF_033A
176,validation,GRD,5c3d986db930f848v,19646,10235,100,True,False,S1B_IW_GRDH_1SDV_20200803T075721_20200803T075746_022756_02B2FF_033A
177,validation,GRD,5c3d986db930f848v,19830,4773,100,False,False,S1B_IW_GRDH_1SDV_20200803T075721_20200803T075746_022756_02B2FF_033A
178,validation,GRD,5c3d986db930f848v,3820,6717,100,False,False,S1B_IW_GRDH_1SDV_20200803T075721_20200803T075746_022756_02B2FF_033A
179,validation,GRD,5c3d986db930f848v,5903,1619,100,True,False,S1B_IW_GRDH_1SDV_20200803T075721_20200803T075746_022756_02B2FF_033A
180,validation,GRD,5c3d986db930f848v,12543,4120,100,True,True,S1B_IW_GRDH_1SDV_20200803T075721_20200803T075746_022756_02B2FF_033A
181,validation,GRD,5c3d986db930f848v,12136,10955,100,True,False,S1B_IW_GRDH_1SDV_20200803T075721_20200803T075746_022756_02B2FF_033A
182,validation,GRD,5c3d986db930f848v,13283,2438,100,True,False,S1B_IW_GRDH_1SDV_20200803T075721_20200803T075746_022756_02B2FF_033A
183,validation,GRD,5c3d986db930f848v,13482,1403,100,True,False,S1B_IW_GRDH_1SDV_20200803T075721_20200803T075746_022756_02B2FF_033A
184,validation,GRD,5c3d986db930f848v,5141,7655,100,False,False,S1B_IW_GRDH_1SDV_20200803T075721_20200803T075746_022756_02B2FF_033A
185,validation,GRD,5c3d986db930f848v,1166,10215,100,True,False,S1B_IW_GRDH_1SDV_20200803T075721_20200803T075746_022756_02B2FF_033A
186,validation,GRD,5c3d986db930f848v,22054,5681,100,True,False,S1B_IW_GRDH_1SDV_20200803T075721_20200803T075746_022756_02B2FF_033A
187,validation,GRD,5c3d986db930f848v,6632,12264,100,True,False,S1B_IW_GRDH_1SDV_20200803T075721_20200803T075746_022756_02B2FF_033A
188,validation,GRD,5c3d986db930f848v,6125,2270,100,False,False,S1B_IW_GRDH_1SDV_20200803T075721_20200803T075746_022756_02B2FF_033A
189,validation,GRD,5c3d986db930f848v,13291,2624,100,False,False,S1B_IW_GRDH_1SDV_20200803T075721_20200803T075746_022756_02B2FF_033A
190,validation,GRD,5c3d986db930f848v,5708,9412,100,True,False,S1B_IW_GRDH_1SDV_20200803T075721_20200803T075746_022756_02B2FF_033A
191,validation,GRD,5c3d986db930f848v,14636,1213,100,False,False,S1B_IW_GRDH_1SDV_20200803T075721_20200803T075746_022756_02B2FF_033A
192,validation,GRD,5c3d986db930f848v,12095,3966,100,True,False,S1B_IW_GRDH_1SDV_20200803T075721_20200803T075746_022756_02B2FF_033A
193,validation,GRD,5c3d986db930f848v,13238,2516,100,False,False,S1B_IW_GRDH_1SDV_20200803T075721_20200803T075746_022756_02B2FF_033A
194,validation,GRD,5c3d986db930f848v,1419,10393,100,True,False,S1B_IW_GRDH_1SDV_20200803T075721_20200803T075746_022756_02B2FF_033A
195,validation,GRD,5c3d986db930f848v,13773,3484,100,False,False,S1B_IW_GRDH_1SDV_20200803T075721_20200803T075746_022756_02B2FF_033A
196,validation,GRD,5c3d986db930f848v,14766,2800,100,True,False,S1B_IW_GRDH_1SDV_20200803T075721_20200803T075746_022756_02B2FF_033A
197,validation,GRD,5c3d986db930f848v,23255,3839,100,True,True,S1B_IW_GRDH_1SDV_20200803T075721_20200803T075746_022756_02B2FF_033A
198,validation,GRD,5c3d986db930f848v,17725,8937,100,False,False,S1B_IW_GRDH_1SDV_20200803T075721_20200803T075746_022756_02B2FF_033A
199,validation,GRD,5c3d986db930f848v,15815,2634,100,True,False,S1B_IW_GRDH_1SDV_20200803T075721_20200803T075746_022756_02B2FF_033A
200,validation,GRD,5c3d986db930f848v,16437,3569,100,False,False,S1B_IW_GRDH_1SDV_20200803T075721_20200803T075746_022756_02B2FF_033A
201,validation,GRD,5c3d986db930f848v,873,8254,100,True,False,S1B_IW_GRDH_1SDV_20200803T075721_20200803T075746_022756_02B2FF_033A
202,validation,GRD,5c3d986db930f848v,17618,6442,100,True,True,S1B_IW_GRDH_1SDV_20200803T075721_20200803T075746_022756_02B2FF_033A
203,validation,GRD,5c3d986db930f848v,3262,5524,100,True,False,S1B_IW_GRDH_1SDV_20200803T075721_20200803T075746_022756_02B2FF_033A
204,validation,GRD,5c3d986db930f848v,11458,6424,100,False,False,S1B_IW_GRDH_1SDV_20200803T075721_20200803T075746_022756_02B2FF_033A
205,validation,GRD,5c3d986db930f848v,15288,148,100,True,False,S1B_IW_GRDH_1SDV_20200803T075721_20200803T075746_022756_02B2FF_033A
206,validation,GRD,5c3d986db930f848v,11529,6707,100,True,False,S1B_IW_GRDH_1SDV_20200803T075721_20200803T075746_022756_02B2FF_033A
207,validation,GRD,5c3d986db930f848v,7443,4181,100,False,False,S1B_IW_GRDH_1SDV_20200803T075721_20200803T075746_022756_02B2FF_033A
208,validation,GRD,5c3d986db930f848v,15188,2505,100,False,False,S1B_IW_GRDH_1SDV_20200803T075721_20200803T075746_022756_02B2FF_033A
209,validation,GRD,5c3d986db930f848v,16049,1828,100,True,False,S1B_IW_GRDH_1SDV_20200803T075721_20200803T075746_022756_02B2FF_033A
210,validation,GRD,5c3d986db930f848v,14819,2734,100,False,True,S1B_IW_GRDH_1SDV_20200803T075721_20200803T075746_022756_02B2FF_033A
211,validation,GRD,5c3d986db930f848v,13589,3098,100,False,False,S1B_IW_GRDH_1SDV_20200803T075721_20200803T075746_022756_02B2FF_033A
212,validation,GRD,5c3d986db930f848v,15219,12787,100,True,False,S1B_IW_GRDH_1SDV_20200803T075721_20200803T075746_022756_02B2FF_033A
213,validation,GRD,5c3d986db930f848v,19945,7184,100,False,False,S1B_IW_GRDH_1SDV_20200803T075721_20200803T075746_022756_02B2FF_033A
214,validation,GRD,5c3d986db930f848v,15803,982,100,True,False,S1B_IW_GRDH_1SDV_20200803T075721_20200803T075746_022756_02B2FF_033A
215,validation,GRD,5c3d986db930f848v,763,7211,100,False,False,S1B_IW_GRDH_1SDV_20200803T075721_20200803T075746_022756_02B2FF_033A
216,validation,GRD,5c3d986db930f848v,12912,2861,100,False,False,S1B_IW_GRDH_1SDV_20200803T075721_20200803T075746_022756_02B2FF_033A
217,validation,GRD,5c3d986db930f848v,13452,2474,100,True,False,S1B_IW_GRDH_1SDV_20200803T075721_20200803T075746_022756_02B2FF_033A
218,validation,GRD,5c3d986db930f848v,13507,3046,100,False,False,S1B_IW_GRDH_1SDV_20200803T075721_20200803T075746_022756_02B2FF_033A
219,validation,GRD,5c3d986db930f848v,11796,3611,100,True,False,S1B_IW_GRDH_1SDV_20200803T075721_20200803T075746_022756_02B2FF_033A
220,validation,GRD,5c3d986db930f848v,14021,3751,100,True,False,S1B_IW_GRDH_1SDV_20200803T075721_20200803T075746_022756_02B2FF_033A
221,validation,GRD,5c3d986db930f848v,13670,3260,100,True,False,S1B_IW_GRDH_1SDV_20200803T075721_20200803T075746_022756_02B2FF_033A
222,validation,GRD,5c3d986db930f848v,14764,11191,100,False,True,S1B_IW_GRDH_1SDV_20200803T075721_20200803T075746_022756_02B2FF_033A
223,validation,GRD,5c3d986db930f848v,3835,6130,100,False,False,S1B_IW_GRDH_1SDV_20200803T075721_20200803T075746_022756_02B2FF_033A
224,validation,GRD,5c3d986db930f848v,17470,5552,100,True,False,S1B_IW_GRDH_1SDV_20200803T075721_20200803T075746_022756_02B2FF_033A
225,validation,GRD,5c3d986db930f848v,14473,3060,100,True,True,S1B_IW_GRDH_1SDV_20200803T075721_20200803T075746_022756_02B2FF_033A
226,validation,GRD,5c3d986db930f848v,20981,4078,100,True,False,S1B_IW_GRDH_1SDV_20200803T075721_20200803T075746_022756_02B2FF_033A
227,validation,GRD,5c3d986db930f848v,12841,3312,100,True,False,S1B_IW_GRDH_1SDV_20200803T075721_20200803T075746_022756_02B2FF_033A
228,validation,GRD,5c3d986db930f848v,2445,9108,100,True,True,S1B_IW_GRDH_1SDV_20200803T075721_20200803T075746_022756_02B2FF_033A
229,validation,GRD,5c3d986db930f848v,14979,4439,100,False,False,S1B_IW_GRDH_1SDV_20200803T075721_20200803T075746_022756_02B2FF_033A
230,validation,GRD,5c3d986db930f848v,3108,6766,100,True,False,S1B_IW_GRDH_1SDV_20200803T075721_20200803T075746_022756_02B2FF_033A
231,validation,GRD,5c3d986db930f848v,18715,6795,100,True,False,S1B_IW_GRDH_1SDV_20200803T075721_20200803T075746_022756_02B2FF_033A
232,validation,GRD,5c3d986db930f848v,13029,3292,100,True,False,S1B_IW_GRDH_1SDV_20200803T075721_20200803T075746_022756_02B2FF_033A
233,validation,GRD,5c3d986db930f848v,1509,367,100,True,False,S1B_IW_GRDH_1SDV_20200803T075721_20200803T075746_022756_02B2FF_033A
234,validation,GRD,5c3d986db930f848v,16229,3343,100,True,False,S1B_IW_GRDH_1SDV_20200803T075721_20200803T075746_022756_02B2FF_033A
235,validation,GRD,5c3d986db930f848v,16598,6052,100,True,False,S1B_IW_GRDH_1SDV_20200803T075721_20200803T075746_022756_02B2FF_033A
236,validation,GRD,5c3d986db930f848v,2631,12044,100,True,False,S1B_IW_GRDH_1SDV_20200803T075721_20200803T075746_022756_02B2FF_033A
237,validation,GRD,5c3d986db930f848v,17795,2268,100,True,False,S1B_IW_GRDH_1SDV_20200803T075721_20200803T075746_022756_02B2FF_033A
238,validation,GRD,5c3d986db930f848v,2464,9083,100,False,False,S1B_IW_GRDH_1SDV_20200803T075721_20200803T075746_022756_02B2FF_033A
239,validation,GRD,5c3d986db930f848v,13703,7130,100,False,False,S1B_IW_GRDH_1SDV_20200803T075721_20200803T075746_022756_02B2FF_033A
240,validation,GRD,5c3d986db930f848v,21551,7234,100,True,False,S1B_IW_GRDH_1SDV_20200803T075721_20200803T075746_022756_02B2FF_033A
241,validation,GRD,5c3d986db930f848v,21128,4095,100,False,False,S1B_IW_GRDH_1SDV_20200803T075721_20200803T075746_022756_02B2FF_033A
242,validation,GRD,5c3d986db930f848v,6664,12279,100,True,False,S1B_IW_GRDH_1SDV_20200803T075721_20200803T075746_022756_02B2FF_033A
243,validation,GRD,5c3d986db930f848v,2531,9354,100,True,True,S1B_IW_GRDH_1SDV_20200803T075721_20200803T075746_022756_02B2FF_033A
244,validation,GRD,5c3d986db930f848v,528,6652,100,True,False,S1B_IW_GRDH_1SDV_20200803T075721_20200803T075746_022756_02B2FF_033A
245,validation,GRD,5c3d986db930f848v,1178,12868,100,False,False,S1B_IW_GRDH_1SDV_20200803T075721_20200803T075746_022756_02B2FF_033A
246,validation,GRD,5c3d986db930f848v,16044,11726,100,True,False,S1B_IW_GRDH_1SDV_20200803T075721_20200803T075746_022756_02B2FF_033A
247,validation,GRD,5c3d986db930f848v,13118,2602,100,True,True,S1B_IW_GRDH_1SDV_20200803T075721_20200803T075746_022756_02B2FF_033A
248,validation,GRD,5c3d986db930f848v,962,7084,100,True,False,S1B_IW_GRDH_1SDV_20200803T075721_20200803T075746_022756_02B2FF_033A
249,validation,GRD,5c3d986db930f848v,12766,3536,100,False,True,S1B_IW_GRDH_1SDV_20200803T075721_20200803T075746_022756_02B2FF_033A
250,validation,GRD,5c3d986db930f848v,5265,8766,100,False,False,S1B_IW_GRDH_1SDV_20200803T075721_20200803T075746_022756_02B2FF_033A
251,validation,GRD,5c3d986db930f848v,12126,10929,100,True,False,S1B_IW_GRDH_1SDV_20200803T075721_20200803T075746_022756_02B2FF_033A
252,validation,GRD,5c3d986db930f848v,1558,6867,100,True,False,S1B_IW_GRDH_1SDV_20200803T075721_20200803T075746_022756_02B2FF_033A
253,validation,GRD,5c3d986db930f848v,13228,8878,100,False,True,S1B_IW_GRDH_1SDV_20200803T075721_20200803T075746_022756_02B2FF_033A
254,validation,GRD,5c3d986db930f848v,13399,7897,100,True,False,S1B_IW_GRDH_1SDV_20200803T075721_20200803T075746_022756_02B2FF_033A
255,validation,GRD,5c3d986db930f848v,1271,7737,100,True,True,S1B_IW_GRDH_1SDV_20200803T075721_20200803T075746_022756_02B2FF_033A
256,validation,GRD,5c3d986db930f848v,13352,2366,100,False,True,S1B_IW_GRDH_1SDV_20200803T075721_20200803T075746_022756_02B2FF_033A
257,validation,GRD,5c3d986db930f848v,13265,4609,100,True,False,S1B_IW_GRDH_1SDV_20200803T075721_20200803T075746_022756_02B2FF_033A
258,validation,GRD,5c3d986db930f848v,5091,7611,100,True,False,S1B_IW_GRDH_1SDV_20200803T075721_20200803T075746_022756_02B2FF_033A
259,validation,GRD,5c3d986db930f848v,11389,10292,100,True,True,S1B_IW_GRDH_1SDV_20200803T075721_20200803T075746_022756_02B2FF_033A
260,validation,GRD,5c3d986db930f848v,15874,2422,100,False,False,S1B_IW_GRDH_1SDV_20200803T075721_20200803T075746_022756_02B2FF_033A
261,validation,GRD,5c3d986db930f848v,10789,8387,100,True,True,S1B_IW_GRDH_1SDV_20200803T075721_20200803T075746_022756_02B2FF_033A
262,validation,GRD,5c3d986db930f848v,13548,12053,100,True,True,S1B_IW_GRDH_1SDV_20200803T075721_20200803T075746_022756_02B2FF_033A
263,validation,GRD,5c3d986db930f848v,12987,3201,100,True,False,S1B_IW_GRDH_1SDV_20200803T075721_20200803T075746_022756_02B2FF_033A
264,validation,GRD,5c3d986db930f848v,9791,784,100,False,True,S1B_IW_GRDH_1SDV_20200803T075721_20200803T075746_022756_02B2FF_033A
265,validation,GRD,5c3d986db930f848v,21321,4173,100,False,False,S1B_IW_GRDH_1SDV_20200803T075721_20200803T075746_022756_02B2FF_033A
266,validation,GRD,5c3d986db930f848v,9970,8649,100,True,False,S1B_IW_GRDH_1SDV_20200803T075721_20200803T075746_022756_02B2FF_033A
267,validation,GRD,5c3d986db930f848v,5510,5470,100,True,False,S1B_IW_GRDH_1SDV_20200803T075721_20200803T075746_022756_02B2FF_033A
268,validation,GRD,5c3d986db930f848v,5486,3848,100,True,False,S1B_IW_GRDH_1SDV_20200803T075721_20200803T075746_022756_02B2FF_033A
269,validation,GRD,5c3d986db930f848v,12825,11696,100,False,False,S1B_IW_GRDH_1SDV_20200803T075721_20200803T075746_022756_02B2FF_033A
270,validation,GRD,5c3d986db930f848v,6571,12242,100,False,False,S1B_IW_GRDH_1SDV_20200803T075721_20200803T075746_022756_02B2FF_033A
271,validation,GRD,5c3d986db930f848v,16660,2909,100,True,True,S1B_IW_GRDH_1SDV_20200803T075721_20200803T075746_022756_02B2FF_033A
272,validation,GRD,5c3d986db930f848v,20114,6724,100,True,True,S1B_IW_GRDH_1SDV_20200803T075721_20200803T075746_022756_02B2FF_033A
273,validation,GRD,5c3d986db930f848v,14693,1220,100,False,True,S1B_IW_GRDH_1SDV_20200803T075721_20200803T075746_022756_02B2FF_033A
274,validation,GRD,5c3d986db930f848v,6551,6301,100,False,False,S1B_IW_GRDH_1SDV_20200803T075721_20200803T075746_022756_02B2FF_033A
275,validation,GRD,5c3d986db930f848v,11645,1834,100,True,False,S1B_IW_GRDH_1SDV_20200803T075721_20200803T075746_022756_02B2FF_033A
276,validation,GRD,5c3d986db930f848v,18760,13288,100,True,False,S1B_IW_GRDH_1SDV_20200803T075721_20200803T075746_022756_02B2FF_033A
277,validation,GRD,5c3d986db930f848v,14272,1499,100,True,False,S1B_IW_GRDH_1SDV_20200803T075721_20200803T075746_022756_02B2FF_033A
278,validation,GRD,5c3d986db930f848v,1989,8379,100,True,True,S1B_IW_GRDH_1SDV_20200803T075721_20200803T075746_022756_02B2FF_033A
279,validation,GRD,5c3d986db930f848v,13604,3264,100,True,True,S1B_IW_GRDH_1SDV_20200803T075721_20200803T075746_022756_02B2FF_033A
280,validation,GRD,5c3d986db930f848v,20484,10379,100,False,False,S1B_IW_GRDH_1SDV_20200803T075721_20200803T075746_022756_02B2FF_033A
281,validation,GRD,5c3d986db930f848v,14828,1302,100,False,False,S1B_IW_GRDH_1SDV_20200803T075721_20200803T075746_022756_02B2FF_033A
282,validation,GRD,5c3d986db930f848v,9568,4300,100,False,False,S1B_IW_GRDH_1SDV_20200803T075721_20200803T075746_022756_02B2FF_033A
283,validation,GRD,5c3d986db930f848v,15092,3337,100,False,False,S1B_IW_GRDH_1SDV_20200803T075721_20200803T075746_022756_02B2FF_033A
284,validation,GRD,5c3d986db930f848v,13643,8919,100,False,True,S1B_IW_GRDH_1SDV_20200803T075721_20200803T075746_022756_02B2FF_033A
285,validation,GRD,5c3d986db930f848v,14709,1717,100,True,False,S1B_IW_GRDH_1SDV_20200803T075721_20200803T075746_022756_02B2FF_033A
286,validation,GRD,5c3d986db930f848v,12951,1809,100,False,False,S1B_IW_GRDH_1SDV_20200803T075721_20200803T075746_022756_02B2FF_033A
287,validation,GRD,5c3d986db930f848v,13113,5938,100,False,False,S1B_IW_GRDH_1SDV_20200803T075721_20200803T075746_022756_02B2FF_033A
288,validation,GRD,5c3d986db930f848v,17041,2915,100,False,False,S1B_IW_GRDH_1SDV_20200803T075721_20200803T075746_022756_02B2FF_033A
289,validation,GRD,5c3d986db930f848v,9672,862,100,True,False,S1B_IW_GRDH_1SDV_20200803T075721_20200803T075746_022756_02B2FF_033A
290,validation,GRD,5c3d986db930f848v,18590,2838,100,True,True,S1B_IW_GRDH_1SDV_20200803T075721_20200803T075746_022756_02B2FF_033A
291,validation,GRD,5c3d986db930f848v,12807,3390,100,True,False,S1B_IW_GRDH_1SDV_20200803T075721_20200803T075746_022756_02B2FF_033A
292,validation,GRD,5c3d986db930f848v,182,6204,100,False,False,S1B_IW_GRDH_1SDV_20200803T075721_20200803T075746_022756_02B2FF_033A
293,validation,GRD,5c3d986db930f848v,2450,9193,100,False,True,S1B_IW_GRDH_1SDV_20200803T075721_20200803T075746_022756_02B2FF_033A
294,validation,GRD,5c3d986db930f848v,9452,5674,100,True,False,S1B_IW_GRDH_1SDV_20200803T075721_20200803T075746_022756_02B2FF_033A
295,validation,GRD,5c3d986db930f848v,1040,7570,100,True,True,S1B_IW_GRDH_1SDV_20200803T075721_20200803T075746_022756_02B2FF_033A
296,validation,GRD,5c3d986db930f848v,5119,7641,100,False,False,S1B_IW_GRDH_1SDV_20200803T075721_20200803T075746_022756_02B2FF_033A
297,validation,GRD,5c3d986db930f848v,15916,11663,100,True,False,S1B_IW_GRDH_1SDV_20200803T075721_20200803T075746_022756_02B2FF_033A
298,validation,GRD,5c3d986db930f848v,12998,2863,100,True,False,S1B_IW_GRDH_1SDV_20200803T075721_20200803T075746_022756_02B2FF_033A
299,validation,GRD,5c3d986db930f848v,7435,4145,100,False,True,S1B_IW_GRDH_1SDV_20200803T075721_20200803T075746_022756_02B2FF_033A
