,partition,product_type,scene_id,detect_scene_column,detect_scene_row,vessel_length_m,is_vessel,is_fishing,SLC_product_identifier,swath_index
0,validation,SLC,5c3d986db930f848v,15024,2792,100,True,False,S1B_IW_SLC__1SDV_20200803T075720_20200803T075748_022756_02B2FF_E5D2,1
1,validation,SLC,5c3d986db930f848v,5878,9500,100,False,True,S1B_IW_SLC__1SDV_20200803T075720_20200803T075748_022756_02B2FF_E5D2,1
2,validation,SLC,5c3d986db930f848v,4783,4712,100,False,False,S1B_IW_SLC__1SDV_20200803T075720_20200803T075748_022756_02B2FF_E5D2,1
3,validation,SLC,5c3d986db930f848v,3349,963,100,False,False,S1B_IW_SLC__1SDV_20200803T075720_20200803T075748_022756_02B2FF_E5D2,1
4,validation,SLC,5c3d986db930f848v,10216,6085,100,False,False,S1B_IW_SLC__1SDV_20200803T075720_20200803T075748_022756_02B2FF_E5D2,1
5,validation,SLC,5c3d986db930f848v,11287,5439,100,False,True,S1B_IW_SLC__1SDV_20200803T075720_20200803T075748_022756_02B2FF_E5D2,1
6,validation,SLC,5c3d986db930f848v,15192,9622,100,True,False,S1B_IW_SLC__1SDV_20200803T075720_20200803T075748_022756_02B2FF_E5D2,1
7,validation,SLC,5c3d986db930f848v,10509,9190,100,True,False,S1B_IW_SLC__1SDV_20200803T075720_20200803T075748_022756_02B2FF_E5D2,1
8,validation,SLC,5c3d986db930f848v,3904,3909,100,False,False,S1B_IW_SLC__1SDV_20200803T075720_20200803T075748_022756_02B2FF_E5D2,1
9,validation,SLC,5c3d986db930f848v,4126,9577,100,False,True,S1B_IW_SLC__1SDV_20200803T075720_20200803T075748_022756_02B2FF_E5D2,1
10,validation,SLC,5c3d986db930f848v,1745,4838,100,True,False,S1B_IW_SLC__1SDV_20200803T075720_20200803T075748_022756_02B2FF_E5D2,1
11,validation,SLC,5c3d986db930f848v,9812,6628,100,False,False,S1B_IW_SLC__1SDV_20200803T075720_20200803T075748_022756_02B2FF_E5D2,1
12,validation,SLC,5c3d986db930f848v,1914,1195,100,False,False,S1B_IW_SLC__1SDV_20200803T075720_20200803T075748_022756_02B2FF_E5D2,1
13,validation,SLC,5c3d986db930f848v,15035,4145,100,False,False,S1B_IW_SLC__1SDV_20200803T075720_20200803T075748_022756_02B2FF_E5D2,1
14,validation,SLC,5c3d986db930f848v,618,8690,100,True,True,S1B_IW_SLC__1SDV_20200803T075720_20200803T075748_022756_02B2FF_E5D2,1
15,validation,SLC,5c3d986db930f848v,10425,5181,100,True,False,S1B_IW_SLC__1SDV_20200803T075720_20200803T075748_022756_02B2FF_E5D2,1
16,validation,SLC,5c3d986db930f848v,4582,6365,100,True,False,S1B_IW_SLC__1SDV_20200803T075720_20200803T075748_022756_02B2FF_E5D2,1
17,validation,SLC,5c3d986db930f848v,11081,9425,100,False,True,S1B_IW_SLC__1SDV_20200803T075720_20200803T075748_022756_02B2FF_E5D2,1
18,validation,SLC,5c3d986db930f848v,8345,8523,100,True,False,S1B_IW_SLC__1SDV_20200803T075720_20200803T075748_022756_02B2FF_E5D2,1
19,validation,SLC,5c3d986db930f848v,1712,5476,100,True,False,S1B_IW_SLC__1SDV_20200803T075720_20200803T075748_022756_02B2FF_E5D2,1
20,validation,SLC,5c3d986db930f848v,15549,559,100,True,False,S1B_IW_SLC__1SDV_20200803T075720_20200803T075748_022756_02B2FF_E5D2,1
21,validation,SLC,5c3d986db930f848v,13393,1658,100,True,False,S1B_IW_SLC__1SDV_20200803T075720_20200803T075748_022756_02B2FF_E5D2,1
22,validation,SLC,5c3d986db930f848v,11169,6215,100,True,False,S1B_IW_SLC__1SDV_20200803T075720_20200803T075748_022756_02B2FF_E5D2,1
23,validation,SLC,5c3d986db930f848v,16371,183,100,True,False,S1B_IW_SLC__1SDV_20200803T075720_20200803T075748_022756_02B2FF_E5D2,1
24,validation,SLC,5c3d986db930f848v,11673,6811,100,False,False,S1B_IW_SLC__1SDV_20200803T075720_20200803T075748_022756_02B2FF_E5D2,1
25,validation,SLC,5c3d986db930f848v,8463,8547,100,True,False,S1B_IW_SLC__1SDV_20200803T075720_20200803T075748_022756_02B2FF_E5D2,1
26,validation,SLC,5c3d986db930f848v,4892,127,100,True,True,S1B_IW_SLC__1SDV_20200803T075720_20200803T075748_022756_02B2FF_E5D2,1
27,validation,SLC,5c3d986db930f848v,13120,7556,100,True,False,S1B_IW_SLC__1SDV_20200803T075720_20200803T075748_022756_02B2FF_E5D2,1
28,validation,SLC,5c3d986db930f848v,1395,6213,100,True,False,S1B_IW_SLC__1SDV_20200803T075720_20200803T075748_022756_02B2FF_E5D2,1
29,validation,SLC,5c3d986db930f848v,18146,4696,100,False,True,S1B_IW_SLC__1SDV_20200803T075720_20200803T075748_022756_02B2FF_E5D2,1
30,validation,SLC,5c3d986db930f848v,1466,10168,100,True,False,S1B_IW_SLC__1SDV_20200803T075720_20200803T075748_022756_02B2FF_E5D2,1
31,validation,SLC,5c3d986db930f848v,16745,403,100,False,False,S1B_IW_SLC__1SDV_20200803T075720_20200803T075748_022756_02B2FF_E5D2,1
32,validation,SLC,5c3d986db930f848v,11685,9701,100,False,True,S1B_IW_SLC__1SDV_20200803T075720_20200803T075748_022756_02B2FF_E5D2,1
33,validation,SLC,5c3d986db930f848v,11022,3895,100,True,False,S1B_IW_SLC__1SDV_20200803T075720_20200803T075748_022756_02B2FF_E5D2,1
34,validation,SLC,5c3d986db930f848v,1325,9429,100,True,False,S1B_IW_SLC__1SDV_20200803T075720_20200803T075748_022756_02B2FF_E5D2,1
35,validation,SLC,5c3d986db930f848v,941,7036,100,False,False,S1B_IW_SLC__1SDV_20200803T075720_20200803T075748_022756_02B2FF_E5D2,1
36,validation,SLC,5c3d986db930f848v,6803,8362,100,False,False,S1B_IW_SLC__1SDV_20200803T075720_20200803T075748_022756_02B2FF_E5D2,1
37,validation,SLC,5c3d986db930f848v,18787,348,100,False,False,S1B_IW_SLC__1SDV_20200803T075720_20200803T075748_022756_02B2FF_E5D2,1
38,validation,SLC,5c3d986db930f848v,3125,8362,100,False,False,S1B_IW_SLC__1SDV_20200803T075720_20200803T075748_022756_02B2FF_E5D2,1
39,validation,SLC,5c3d986db930f848v,19154,2579,100,True,False,S1B_IW_SLC__1SDV_20200803T075720_20200803T075748_022756_02B2FF_E5D2,1
40,validation,SLC,5c3d986db930f848v,3857,6726,100,False,True,S1B_IW_SLC__1SDV_20200803T075720_20200803T075748_022756_02B2FF_E5D2,1
41,validation,SLC,5c3d986db930f848v,12052,7104,100,False,False,S1B_IW_SLC__1SDV_20200803T075720_20200803T075748_022756_02B2FF_E5D2,1
42,validation,SLC,5c3d986db930f848v,9836,4545,100,False,True,S1B_IW_SLC__1SDV_20200803T075720_20200803T075748_022756_02B2FF_E5D2,1
43,validation,SLC,5c3d986db930f848v,8198,6855,100,False,False,S1B_IW_SLC__1SDV_20200803T075720_20200803T075748_022756_02B2FF_E5D2,1
44,validation,SLC,5c3d986db930f848v,1736,5090,100,True,True,S1B_IW_SLC__1SDV_20200803T075720_20200803T075748_022756_02B2FF_E5D2,1
45,validation,SLC,5c3d986db930f848v,12902,1993,100,True,False,S1B_IW_SLC__1SDV_20200803T075720_20200803T075748_022756_02B2FF_E5D2,1
46,validation,SLC,5c3d986db930f848v,512,5976,100,True,False,S1B_IW_SLC__1SDV_20200803T075720_20200803T075748_022756_02B2FF_E5D2,1
47,validation,SLC,5c3d986db930f848v,492,6433,100,True,False,S1B_IW_SLC__1SDV_20200803T075720_20200803T075748_022756_02B2FF_E5D2,1
48,validation,SLC,5c3d986db930f848v,19610,146,100,True,True,S1B_IW_SLC__1SDV_20200803T075720_20200803T075748_022756_02B2FF_E5D2,1
49,validation,SLC,5c3d986db930f848v,18058,4657,100,True,True,S1B_IW_SLC__1SDV_20200803T075720_20200803T075748_022756_02B2FF_E5D2,1
50,validation,SLC,5c3d986db930f848v,12561,4370,100,True,False,S1B_IW_SLC__1SDV_20200803T075720_20200803T075748_022756_02B2FF_E5D2,1
51,validation,SLC,5c3d986db930f848v,12278,9865,100,False,False,S1B_IW_SLC__1SDV_20200803T075720_20200803T075748_022756_02B2FF_E5D2,1
52,validation,SLC,5c3d986db930f848v,12121,7151,100,False,False,S1B_IW_SLC__1SDV_20200803T075720_20200803T075748_022756_02B2FF_E5D2,1
53,validation,SLC,5c3d986db930f848v,11766,7300,100,True,True,S1B_IW_SLC__1SDV_20200803T075720_20200803T075748_022756_02B2FF_E5D2,1
54,validation,SLC,5c3d986db930f848v,16385,6174,100,False,False,S1B_IW_SLC__1SDV_20200803T075720_20200803T075748_022756_02B2FF_E5D2,1
55,validation,SLC,5c3d986db930f848v,12850,7558,100,True,False,S1B_IW_SLC__1SDV_20200803T075720_20200803T075748_022756_02B2FF_E5D2,1
56,validation,SLC,5c3d986db930f848v,2867,10266,100,True,False,S1B_IW_SLC__1SDV_20200803T075720_20200803T075748_022756_02B2FF_E5D2,1
57,validation,SLC,5c3d986db930f848v,2456,9368,100,True,True,S1B_IW_SLC__1SDV_20200803T075720_20200803T075748_022756_02B2FF_E5D2,1
58,validation,SLC,5c3d986db930f848v,2020,10629,100,True,False,S1B_IW_SLC__1SDV_20200803T075720_20200803T075748_022756_02B2FF_E5D2,1
59,validation,SLC,5c3d986db930f848v,1754,6132,100,True,False,S1B_IW_SLC__1SDV_20200803T075720_20200803T075748_022756_02B2FF_E5D2,1
60,validation,SLC,5c3d986db930f848v,10891,7373,100,True,False,S1B_IW_SLC__1SDV_20200803T075720_20200803T075748_022756_02B2FF_E5D2,1
61,validation,SLC,5c3d986db930f848v,5850,5550,100,False,False,S1B_IW_SLC__1SDV_20200803T075720_20200803T075748_022756_02B2FF_E5D2,1
62,validation,SLC,5c3d986db930f848v,3410,8463,100,True,True,S1B_IW_SLC__1SDV_20200803T075720_20200803T075748_022756_02B2FF_E5D2,1
63,validation,SLC,5c3d986db930f848v,6977,5642,100,False,False,S1B_IW_SLC__1SDV_20200803T075720_20200803T075748_022756_02B2FF_E5D2,1
64,validation,SLC,5c3d986db930f848v,5852,6358,100,True,False,S1B_IW_SLC__1SDV_20200803T075720_20200803T075748_022756_02B2FF_E5D2,1
65,validation,SLC,5c3d986db930f848v,1857,7493,100,False,False,S1B_IW_SLC__1SDV_20200803T075720_20200803T075748_022756_02B2FF_E5D2,1
66,validation,SLC,5c3d986db930f848v,324,10385,100,True,False,S1B_IW_SLC__1SDV_20200803T075720_20200803T075748_022756_02B2FF_E5D2,1
67,validation,SLC,5c3d986db930f848v,19238,307,100,True,True,S1B_IW_SLC__1SDV_20200803T075720_20200803T075748_022756_02B2FF_E5D2,1
68,validation,SLC,5c3d986db930f848v,16146,3505,100,False,True,S1B_IW_SLC__1SDV_20200803T075720_20200803T075748_022756_02B2FF_E5D2,1
69,validation,SLC,5c3d986db930f848v,13860,2783,100,True,True,S1B_IW_SLC__1SDV_20200803T075720_20200803T075748_022756_02B2FF_E5D2,1
70,validation,SLC,5c3d986db930f848v,1808,1322,100,True,False,S1B_IW_SLC__1SDV_20200803T075720_20200803T075748_022756_02B2FF_E5D2,1
71,validation,SLC,5c3d986db930f848v,660,9717,100,False,False,S1B_IW_SLC__1SDV_20200803T075720_20200803T075748_022756_02B2FF_E5D2,1
72,validation,SLC,5c3d986db930f848v,15518,9565,100,False,False,S1B_IW_SLC__1SDV_20200803T075720_20200803T075748_022756_02B2FF_E5D2,1
73,validation,SLC,5c3d986db930f848v,11670,2894,100,False,False,S1B_IW_SLC__1SDV_20200803T075720_20200803T075748_022756_02B2FF_E5D2,1
74,validation,SLC,5c3d986db930f848v,9379,4158,100,True,False,S1B_IW_SLC__1SDV_20200803T075720_20200803T075748_022756_02B2FF_E5D2,1
75,validation,SLC,5c3d986db930f848v,4384,10257,100,False,False,S1B_IW_SLC__1SDV_20200803T075720_20200803T075748_022756_02B2FF_E5D2,1
76,validation,SLC,5c3d986db930f848v,4319,4989,100,False,False,S1B_IW_SLC__1SDV_20200803T075720_20200803T075748_022756_02B2FF_E5D2,1
77,validation,SLC,5c3d986db930f848v,17164,5154,100,True,False,S1B_IW_SLC__1SDV_20200803T075720_20200803T075748_022756_02B2FF_E5D2,1
78,validation,SLC,5c3d986db930f848v,17004,1581,100,True,False,S1B_IW_SLC__1SDV_20200803T075720_20200803T075748_022756_02B2FF_E5D2,1
79,validation,SLC,5c3d986db930f848v,11338,6323,100,True,True,S1B_IW_SLC__1SDV_20200803T075720_20200803T075748_022756_02B2FF_E5D2,1
80,validation,SLC,5c3d986db930f848v,5518,7418,100,False,False,S1B_IW_SLC__1SDV_20200803T075720_20200803T075748_022756_02B2FF_E5D2,1
81,validation,SLC,5c3d986db930f848v,1763,5323,100,True,False,S1B_IW_SLC__1SDV_20200803T075720_20200803T075748_022756_02B2FF_E5D2,1
82,validation,SLC,5c3d986db930f848v,735,6255,100,False,False,S1B_IW_SLC__1SDV_20200803T075720_20200803T075748_022756_02B2FF_E5D2,1
83,validation,SLC,5c3d986db930f848v,600,9661,100,True,False,S1B_IW_SLC__1SDV_20200803T075720_20200803T075748_022756_02B2FF_E5D2,1
84,validation,SLC,5c3d986db930f848v,16580,366,100,True,False,S1B_IW_SLC__1SDV_20200803T075720_20200803T075748_022756_02B2FF_E5D2,1
85,validation,SLC,5c3d986db930f848v,9097,8704,100,True,False,S1B_IW_SLC__1SDV_20200803T075720_20200803T075748_022756_02B2FF_E5D2,1
86,validation,SLC,5c3d986db930f848v,6000,2235,100,True,False,S1B_IW_SLC__1SDV_20200803T075720_20200803T075748_022756_02B2FF_E5D2,1
87,validation,SLC,5c3d986db930f848v,850,23,100,True,False,S1B_IW_SLC__1SDV_20200803T075720_20200803T075748_022756_02B2FF_E5D2,1
88,validation,SLC,5c3d986db930f848v,837,5573,100,True,True,S1B_IW_SLC__1SDV_20200803T075720_20200803T075748_022756_02B2FF_E5D2,1
89,validation,SLC,5c3d986db930f848v,575,9298,100,False,False,S1B_IW_SLC__1SDV_20200803T075720_20200803T075748_022756_02B2FF_E5D2,1
90,validation,SLC,5c3d986db930f848v,13386,4810,100,True,False,S1B_IW_SLC__1SDV_20200803T075720_20200803T075748_022756_02B2FF_E5D2,1
91,validation,SLC,5c3d986db930f848v,11529,7758,100,True,True,S1B_IW_SLC__1SDV_20200803T075720_20200803T075748_022756_02B2FF_E5D2,1
92,validation,SLC,5c3d986db930f848v,1767,6012,100,True,False,S1B_IW_SLC__1SDV_20200803T075720_20200803T075748_022756_02B2FF_E5D2,1
93,validation,SLC,5c3d986db930f848v,10118,6817,100,True,False,S1B_IW_SLC__1SDV_20200803T075720_20200803T075748_022756_02B2FF_E5D2,1
94,validation,SLC,5c3d986db930f848v,10037,4260,100,False,False,S1B_IW_SLC__1SDV_20200803T075720_20200803T075748_022756_02B2FF_E5D2,1
95,validation,SLC,5c3d986db930f848v,8671,5180,100,False,False,S1B_IW_SLC__1SDV_20200803T075720_20200803T075748_022756_02B2FF_E5D2,1
96,validation,SLC,5c3d986db930f848v,7604,8355,100,False,False,S1B_IW_SLC__1SDV_20200803T075720_20200803T075748_022756_02B2FF_E5D2,1
97,validation,SLC,5c3d986db930f848v,12147,4450,100,True,True,S1B_IW_SLC__1SDV_20200803T075720_20200803T075748_022756_02B2FF_E5D2,1
98,validation,SLC,5c3d986db930f848v,414,5233,100,True,False,S1B_IW_SLC__1SDV_20200803T075720_20200803T075748_022756_02B2FF_E5D2,1
99,validation,SLC,5c3d986db930f848v,18675,103,100,False,False,S1B_IW_SLC__1SDV_20200803T075720_20200803T075748_022756_02B2FF_E5D2,1
100,validation,SLC,5c3d986db930f848v,11608,5028,100,False,True,S1B_IW_SLC__1SDV_20200803T075720_20200803T075748_022756_02B2FF_E5D2,1
101,validation,SLC,5c3d986db930f848v,5726,7513,100,True,False,S1B_IW_SLC__1SDV_20200803T075720_20200803T075748_022756_02B2FF_E5D2,1
102,validation,SLC,5c3d986db930f848v,1082,10793,100,True,False,S1B_IW_SLC__1SDV_20200803T075720_20200803T075748_022756_02B2FF_E5D2,1
103,validation,SLC,5c3d986db930f848v,9309,8420,100,False,True,S1B_IW_SLC__1SDV_20200803T075720_20200803T075748_022756_02B2FF_E5D2,1
104,validation,SLC,5c3d986db930f848v,8450,3476,100,True,False,S1B_IW_SLC__1SDV_20200803T075720_20200803T075748_022756_02B2FF_E5D2,1
105,validation,SLC,5c3d986db930f848v,18347,5194,100,False,False,S1B_IW_SLC__1SDV_20200803T075720_20200803T075748_022756_02B2FF_E5D2,1
106,validation,SLC,5c3d986db930f848v,2797,7901,100,True,True,S1B_IW_SLC__1SDV_20200803T075720_20200803T075748_022756_02B2FF_E5D2,1
107,validation,SLC,5c3d986db930f848v,5768,7543,100,True,False,S1B_IW_SLC__1SDV_20200803T075720_20200803T075748_022756_02B2FF_E5D2,1
108,validation,SLC,5c3d986db930f848v,9534,5365,100,False,True,S1B_IW_SLC__1SDV_20200803T075720_20200803T075748_022756_02B2FF_E5D2,1
109,validation,SLC,5c3d986db930f848v,9727,5309,100,True,False,S1B_IW_SLC__1SDV_20200803T075720_20200803T075748_022756_02B2FF_E5D2,1
110,validation,SLC,5c3d986db930f848v,10760,4762,100,False,False,S1B_IW_SLC__1SDV_20200803T075720_20200803T075748_022756_02B2FF_E5D2,1
111,validation,SLC,5c3d986db930f848v,3570,7122,100,True,False,S1B_IW_SLC__1SDV_20200803T075720_20200803T075748_022756_02B2FF_E5D2,1
112,validation,SLC,5c3d986db930f848v,1634,9261,100,False,False,S1B_IW_SLC__1SDV_20200803T075720_20200803T075748_022756_02B2FF_E5D2,1
113,validation,SLC,5c3d986db930f848v,410,11565,100,True,False,S1B_IW_SLC__1SDV_20200803T075720_20200803T075748_022756_02B2FF_E5D2,1
114,validation,SLC,5c3d986db930f848v,19088,3734,100,True,False,S1B_IW_SLC__1SDV_20200803T075720_20200803T075748_022756_02B2FF_E5D2,1
115,validation,SLC,5c3d986db930f848v,15170,5572,100,False,False,S1B_IW_SLC__1SDV_20200803T075720_20200803T075748_022756_02B2FF_E5D2,1
116,validation,SLC,5c3d986db930f848v,1754,9536,100,True,True,S1B_IW_SLC__1SDV_20200803T075720_20200803T075748_022756_02B2FF_E5D2,1
117,validation,SLC,5c3d986db930f848v,9932,4528,100,True,False,S1B_IW_SLC__1SDV_20200803T075720_20200803T075748_022756_02B2FF_E5D2,1
118,validation,SLC,5c3d986db930f848v,15022,2650,100,True,False,S1B_IW_SLC__1SDV_20200803T075720_20200803T075748_022756_02B2FF_E5D2,1
119,validation,SLC,5c3d986db930f848v,9975,4921,100,True,False,S1B_IW_SLC__1SDV_20200803T075720_20200803T075748_022756_02B2FF_E5D2,1
120,validation,SLC,5c3d986db930f848v,15980,6204,100,True,True,S1B_IW_SLC__1SDV_20200803T075720_20200803T075748_022756_02B2FF_E5D2,1
121,validation,SLC,5c3d986db930f848v,3900,9908,100,True,False,S1B_IW_SLC__1SDV_20200803T075720_20200803T075748_022756_02B2FF_E5D2,1
122,validation,SLC,5c3d986db930f848v,9575,5861,100,True,True,S1B_IW_SLC__1SDV_20200803T075720_20200803T075748_022756_02B2FF_E5D2,1
123,validation,SLC,5c3d986db930f848v,1027,5426,100,True,True,S1B_IW_SLC__1SDV_20200803T075720_20200803T075748_022756_02B2FF_E5D2,1
124,validation,SLC,5c3d986db930f848v,11195,9506,100,True,False,S1B_IW_SLC__1SDV_20200803T075720_20200803T075748_022756_02B2FF_E5D2,1
125,validation,SLC,5c3d986db930f848v,2654,1049,100,True,False,S1B_IW_SLC__1SDV_20200803T075720_20200803T075748_022756_02B2FF_E5D2,1
126,validation,SLC,5c3d986db930f848v,243,6367,100,False,False,S1B_IW_SLC__1SDV_20200803T075720_20200803T075748_022756_02B2FF_E5D2,1
127,validation,SLC,5c3d986db930f848v,9993,9060,100,False,False,S1B_IW_SLC__1SDV_20200803T075720_20200803T075748_022756_02B2FF_E5D2,1
128,validation,SLC,5c3d986db930f848v,15870,4297,100,True,False,S1B_IW_SLC__1SDV_20200803T075720_20200803T075748_022756_02B2FF_E5D2,1
129,validation,SLC,5c3d986db930f848v,545,9515,100,False,False,S1B_IW_SLC__1SDV_20200803T075720_20200803T075748_022756_02B2FF_E5D2,1
130,validation,SLC,5c3d986db930f848v,11699,3712,100,True,True,S1B_IW_SLC__1SDV_20200803T075720_20200803T075748_022756_02B2FF_E5D2,1
131,validation,SLC,5c3d986db930f848v,1688,5968,100,False,False,S1B_IW_SLC__1SDV_20200803T075720_20200803T075748_022756_02B2FF_E5D2,1
132,validation,SLC,5c3d986db930f848v,8848,8537,100,False,False,S1B_IW_SLC__1SDV_20200803T075720_20200803T075748_022756_02B2FF_E5D2,1
133,validation,SLC,5c3d986db930f848v,4243,7594,100,False,False,S1B_IW_SLC__1SDV_20200803T075720_20200803T075748_022756_02B2FF_E5D2,1
134,validation,SLC,5c3d986db930f848v,121,7763,100,True,True,S1B_IW_SLC__1SDV_20200803T075720_20200803T075748_022756_02B2FF_E5D2,1
135,validation,SLC,5c3d986db930f848v,15355,9660,100,True,False,S1B_IW_SLC__1SDV_20200803T075720_20200803T075748_022756_02B2FF_E5D2,1
136,validation,SLC,5c3d986db930f848v,2418,4323,100,False,False,S1B_IW_SLC__1SDV_20200803T075720_20200803T075748_022756_02B2FF_E5D2,1
137,validation,SLC,5c3d986db930f848v,4571,6920,100,False,False,S1B_IW_SLC__1SDV_20200803T075720_20200803T075748_022756_02B2FF_E5D2,1
138,validation,SLC,5c3d986db930f848v,1223,10868,100,True,True,S1B_IW_SLC__1SDV_20200803T075720_20200803T075748_022756_02B2FF_E5D2,1
139,validation,SLC,5c3d986db930f848v,8924,6957,100,False,True,S1B_IW_SLC__1SDV_20200803T075720_20200803T075748_022756_02B2FF_E5D2,1
140,validation,SLC,5c3d986db930f848v,14587,2570,100,False,True,S1B_IW_SLC__1SDV_20200803T075720_20200803T075748_022756_02B2FF_E5D2,1
141,validation,SLC,5c3d986db930f848v,622,9626,100,False,False,S1B_IW_SLC__1SDV_20200803T075720_20200803T075748_022756_02B2FF_E5D2,1
142,validation,SLC,5c3d986db930f848v,14260,4624,100,True,False,S1B_IW_SLC__1SDV_20200803T075720_20200803T075748_022756_02B2FF_E5D2,1
143,validation,SLC,5c3d986db930f848v,840,5497,100,False,False,S1B_IW_SLC__1SDV_20200803T075720_20200803T075748_022756_02B2FF_E5D2,1
144,validation,SLC,5c3d986db930f848v,822,5497,100,True,False,S1B_IW_SLC__1SDV_20200803T075720_20200803T075748_022756_02B2FF_E5D2,1
145,validation,SLC,5c3d986db930f848v,2145,9036,100,False,True,S1B_IW_SLC__1SDV_20200803T075720_20200803T075748_022756_02B2FF_E5D2,1
146,validation,SLC,5c3d986db930f848v,763,5406,100,True,False,S1B_IW_SLC__1SDV_20200803T075720_20200803T075748_022756_02B2FF_E5D2,1
147,validation,SLC,5c3d986db930f848v,17092,5043,100,False,False,S1B_IW_SLC__1SDV_20200803T075720_20200803T075748_022756_02B2FF_E5D2,1
148,validation,SLC,5c3d986db930f848v,2425,9894,100,False,False,S1B_IW_SLC__1SDV_20200803T075720_20200803T075748_022756_02B2FF_E5D2,1
149,validation,SLC,5c3d986db930f848v,5473,7398,100,False,False,S1B_IW_SLC__1SDV_20200803T075720_20200803T075748_022756_02B2FF_E5D2,1
150,validation,SLC,5c3d986db930f848v,7926,3674,100,False,True,S1B_IW_SLC__1SDV_20200803T075720_20200803T075748_022756_02B2FF_E5D2,1
151,validation,SLC,5c3d986db930f848v,10987,5615,100,True,True,S1B_IW_SLC__1SDV_20200803T075720_20200803T075748_022756_02B2FF_E5D2,1
152,validation,SLC,5c3d986db930f848v,2019,6691,100,True,False,S1B_IW_SLC__1SDV_20200803T075720_20200803T075748_022756_02B2FF_E5D2,1
153,validation,SLC,5c3d986db930f848v,2873,6331,100,True,False,S1B_IW_SLC__1SDV_20200803T075720_20200803T075748_022756_02B2FF_E5D2,1
154,validation,SLC,5c3d986db930f848v,5730,7551,100,True,True,S1B_IW_SLC__1SDV_20200803T075720_20200803T075748_022756_02B2FF_E5D2,1
155,validation,SLC,5c3d986db930f848v,5500,7336,100,False,True,S1B_IW_SLC__1SDV_20200803T075720_20200803T075748_022756_02B2FF_E5D2,1
156,validation,SLC,5c3d986db930f848v,9700,6602,100,True,True,S1B_IW_SLC__1SDV_20200803T075720_20200803T075748_022756_02B2FF_E5D2,1
157,validation,SLC,5c3d986db930f848v,3969,3984,100,False,False,S1B_IW_SLC__1SDV_20200803T075720_20200803T075748_022756_02B2FF_E5D2,1
158,validation,SLC,5c3d986db930f848v,7051,8222,100,False,False,S1B_IW_SLC__1SDV_20200803T075720_20200803T075748_022756_02B2FF_E5D2,1
159,validation,SLC,5c3d986db930f848v,2119,6716,100,True,False,S1B_IW_SLC__1SDV_20200803T075720_20200803T075748_022756_02B2FF_E5D2,1
160,validation,SLC,5c3d986db930f848v,17132,1280,100,True,True,S1B_IW_SLC__1SDV_20200803T075720_20200803T075748_022756_02B2FF_E5D2,1
161,validation,SLC,5c3d986db930f848v,5308,6893,100,True,False,S1B_IW_SLC__1SDV_20200803T075720_20200803T075748_022756_02B2FF_E5D2,1
162,validation,SLC,5c3d986db930f848v,2882,10355,100,False,False,S1B_IW_SLC__1SDV_20200803T075720_20200803T075748_022756_02B2FF_E5D2,1
163,validation,SLC,5c3d986db930f848v,10701,9444,100,True,False,S1B_IW_SLC__1SDV_20200803T075720_20200803T075748_022756_02B2FF_E5D2,1
164,validation,SLC,5c3d986db930f848v,14032,8277,100,False,True,S1B_IW_SLC__1SDV_20200803T075720_20200803T075748_022756_02B2FF_E5D2,1
165,validation,SLC,5c3d986db930f848v,11008,5615,100,False,False,S1B_IW_SLC__1SDV_20200803T075720_20200803T075748_022756_02B2FF_E5D2,1
166,validation,SLC,5c3d986db930f848v,2812,7901,100,False,False,S1B_IW_SLC__1SDV_20200803T075720_20200803T075748_022756_02B2FF_E5D2,1
167,validation,SLC,5c3d986db930f848v,9854,4740,100,True,False,S1B_IW_SLC__1SDV_20200803T075720_20200803T075748_022756_02B2FF_E5D2,1
168,validation,SLC,5c3d986db930f848v,508,7268,100,True,False,S1B_IW_SLC__1SDV_20200803T075720_20200803T075748_022756_02B2FF_E5D2,1
169,validation,SLC,5c3d986db930f848v,1293,9994,100,True,False,S1B_IW_SLC__1SDV_20200803T075720_20200803T075748_022756_02B2FF_E5D2,1
170,validation,SLC,5c3d986db930f848v,796,8217,100,True,True,S1B_IW_SLC__1SDV_20200803T075720_20200803T075748_022756_02B2FF_E5D2,1
171,validation,SLC,5c3d986db930f848v,15263,2621,100,True,True,S1B_IW_SLC__1SDV_20200803T075720_20200803T075748_022756_02B2FF_E5D2,1
172,validation,SLC,5c3d986db930f848v,4543,6642,100,True,False,S1B_IW_SLC__1SDV_20200803T075720_20200803T075748_022756_02B2FF_E5D2,1
173,validation,SLC,5c3d986db930f848v,7119,6312,100,True,True,S1B_IW_SLC__1SDV_20200803T075720_20200803T075748_022756_02B2FF_E5D2,1
174,validation,SLC,5c3d986db930f848v,7434,8221,100,True,True,S1B_IW_SLC__1SDV_20200803T075720_20200803T075748_022756_02B2FF_E5D2,1
175,validation,SLC,5c3d986db930f848v,1224,5559,100,True,True,S1B_IW_SLC__1SDV_20200803T075720_20200803T075748_022756_02B2FF_E5D2,1
176,validation,SLC,5c3d986db930f848v,6021,7614,100,True,True,S1B_IW_SLC__1SDV_20200803T075720_20200803T075748_022756_02B2FF_E5D2,1
177,validation,SLC,5c3d986db930f848v,11817,6296,100,False,False,S1B_IW_SLC__1SDV_20200803T075720_20200803T075748_022756_02B2FF_E5D2,1
178,validation,SLC,5c3d986db930f848v,5111,7431,100,True,False,S1B_IW_SLC__1SDV_20200803T075720_20200803T075748_022756_02B2FF_E5D2,1
179,validation,SLC,5c3d986db930f848v,336,7420,100,True,False,S1B_IW_SLC__1SDV_20200803T075720_20200803T075748_022756_02B2FF_E5D2,1
180,validation,SLC,5c3d986db930f848v,187,5684,100,False,False,S1B_IW_SLC__1SDV_20200803T075720_20200803T075748_022756_02B2FF_E5D2,1
181,validation,SLC,5c3d986db930f848v,2125,5876,100,False,False,S1B_IW_SLC__1SDV_20200803T075720_20200803T075748_022756_02B2FF_E5D2,1
182,validation,SLC,5c3d986db930f848v,18636,2621,100,False,False,S1B_IW_SLC__1SDV_20200803T075720_20200803T075748_022756_02B2FF_E5D2,1
183,validation,SLC,5c3d986db930f848v,5278,7366,100,True,True,S1B_IW_SLC__1SDV_20200803T075720_20200803T075748_022756_02B2FF_E5D2,1
184,validation,SLC,5c3d986db930f848v,492,4776,100,False,True,S1B_IW_SLC__1SDV_20200803T075720_20200803T075748_022756_02B2FF_E5D2,1
185,validation,SLC,5c3d986db930f848v,11857,6999,100,True,True,S1B_IW_SLC__1SDV_20200803T075720_20200803T075748_022756_02B2FF_E5D2,1
186,validation,SLC,5c3d986db930f848v,15178,5305,100,True,False,S1B_IW_SLC__1SDV_20200803T075720_20200803T075748_022756_02B2FF_E5D2,1
187,validation,SLC,5c3d986db930f848v,17820,2328,100,True,True,S1B_IW_SLC__1SDV_20200803T075720_20200803T075748_022756_02B2FF_E5D2,1
188,validation,SLC,5c3d986db930f848v,6052,5247,100,False,False,S1B_IW_SLC__1SDV_20200803T075720_20200803T075748_022756_02B2FF_E5D2,1
189,validation,SLC,5c3d986db930f848v,13420,8056,100,True,False,S1B_IW_SLC__1SDV_20200803T075720_20200803T075748_022756_02B2FF_E5D2,1
190,validation,SLC,5c3d986db930f848v,2342,5387,100,False,True,S1B_IW_SLC__1SDV_20200803T075720_20200803T075748_022756_02B2FF_E5D2,1
191,validation,SLC,5c3d986db930f848v,13509,2214,100,False,False,S1B_IW_SLC__1SDV_20200803T075720_20200803T075748_022756_02B2FF_E5D2,1
192,validation,SLC,5c3d986db930f848v,5178,6887,100,True,True,S1B_IW_SLC__1SDV_20200803T075720_20200803T075748_022756_02B2FF_E5D2,1
193,validation,SLC,5c3d986db930f848v,8763,3922,100,False,False,S1B_IW_SLC__1SDV_20200803T075720_20200803T075748_022756_02B2FF_E5D2,1
194,validation,SLC,5c3d986db930f848v,9440,5285,100,True,False,S1B_IW_SLC__1SDV_20200803T075720_20200803T075748_022756_02B2FF_E5D2,1
195,validation,SLC,5c3d986db930f848v,12111,4413,100,False,False,S1B_IW_SLC__1SDV_20200803T075720_20200803T075748_022756_02B2FF_E5D2,1
196,validation,SLC,5c3d986db930f848v,920,8155,100,True,False,S1B_IW_SLC__1SDV_20200803T075720_20200803T075748_022756_02B2FF_E5D2,1
197,validation,SLC,5c3d986db930f848v,1286,10065,100,False,False,S1B_IW_SLC__1SDV_20200803T075720_20200803T075748_022756_02B2FF_E5D2,1
198,validation,SLC,5c3d986db930f848v,1688,9021,100,False,False,S1B_IW_SLC__1SDV_20200803T075720_20200803T075748_022756_02B2FF_E5D2,1
199,validation,SLC,5c3d986db930f848v,7212,8967,100,False,False,S1B_IW_SLC__1SDV_20200803T075720_20200803T075748_022756_02B2FF_E5D2,1
200,validation,SLC,5c3d986db930f848v,9311,7308,100,True,False,S1B_IW_SLC__1SDV_20200803T075720_20200803T075748_022756_02B2FF_E5D2,2
201,validation,SLC,5c3d986db930f848v,14733,193,100,True,False,S1B_IW_SLC__1SDV_20200803T075720_20200803T075748_022756_02B2FF_E5D2,2
202,validation,SLC,5c3d986db930f848v,18127,2944,100,True,False,S1B_IW_SLC__1SDV_20200803T075720_20200803T075748_022756_02B2FF_E5D2,2
203,validation,SLC,5c3d986db930f848v,6820,488,100,True,False,S1B_IW_SLC__1SDV_20200803T075720_20200803T075748_022756_02B2FF_E5D2,2
204,validation,SLC,5c3d986db930f848v,10796,2838,100,True,True,S1B_IW_SLC__1SDV_20200803T075720_20200803T075748_022756_02B2FF_E5D2,2
205,validation,SLC,5c3d986db930f848v,8537,7683,100,False,False,S1B_IW_SLC__1SDV_20200803T075720_20200803T075748_022756_02B2FF_E5D2,2
206,validation,SLC,5c3d986db930f848v,6355,4318,100,True,True,S1B_IW_SLC__1SDV_20200803T075720_20200803T075748_022756_02B2FF_E5D2,2
207,validation,SLC,5c3d986db930f848v,12629,2203,100,True,False,S1B_IW_SLC__1SDV_20200803T075720_20200803T075748_022756_02B2FF_E5D2,2
208,validation,SLC,5c3d986db930f848v,10131,8183,100,True,False,S1B_IW_SLC__1SDV_20200803T075720_20200803T075748_022756_02B2FF_E5D2,2
209,validation,SLC,5c3d986db930f848v,12791,3283,100,True,False,S1B_IW_SLC__1SDV_20200803T075720_20200803T075748_022756_02B2FF_E5D2,2
210,validation,SLC,5c3d986db930f848v,10293,3012,100,True,False,S1B_IW_SLC__1SDV_20200803T075720_20200803T075748_022756_02B2FF_E5D2,2
211,validation,SLC,5c3d986db930f848v,6607,733,100,True,False,S1B_IW_SLC__1SDV_20200803T075720_20200803T075748_022756_02B2FF_E5D2,2
212,validation,SLC,5c3d986db930f848v,3589,402,100,True,False,S1B_IW_SLC__1SDV_20200803T075720_20200803T075748_022756_02B2FF_E5D2,2
213,validation,SLC,5c3d986db930f848v,12539,1511,100,True,True,S1B_IW_SLC__1SDV_20200803T075720_20200803T075748_022756_02B2FF_E5D2,2
214,validation,SLC,5c3d986db930f848v,7703,5927,100,False,False,S1B_IW_SLC__1SDV_20200803T075720_20200803T075748_022756_02B2FF_E5D2,2
215,validation,SLC,5c3d986db930f848v,5055,3673,100,True,True,S1B_IW_SLC__1SDV_20200803T075720_20200803T075748_022756_02B2FF_E5D2,2
216,validation,SLC,5c3d986db930f848v,7115,5554,100,True,False,S1B_IW_SLC__1SDV_20200803T075720_20200803T075748_022756_02B2FF_E5D2,2
217,validation,SLC,5c3d986db930f848v,13720,623,100,True,False,S1B_IW_SLC__1SDV_20200803T075720_20200803T075748_022756_02B2FF_E5D2,2
218,validation,SLC,5c3d986db930f848v,10531,3193,100,False,False,S1B_IW_SLC__1SDV_20200803T075720_20200803T075748_022756_02B2FF_E5D2,2
219,validation,SLC,5c3d986db930f848v,4261,6134,100,True,True,S1B_IW_SLC__1SDV_20200803T075720_20200803T075748_022756_02B2FF_E5D2,2
220,validation,SLC,5c3d986db930f848v,8419,1170,100,True,False,S1B_IW_SLC__1SDV_20200803T075720_20200803T075748_022756_02B2FF_E5D2,2
221,validation,SLC,5c3d986db930f848v,23701,6302,100,False,False,S1B_IW_SLC__1SDV_20200803T075720_20200803T075748_022756_02B2FF_E5D2,2
222,validation,SLC,5c3d986db930f848v,4681,6329,100,False,False,S1B_IW_SLC__1SDV_20200803T075720_20200803T075748_022756_02B2FF_E5D2,2
223,validation,SLC,5c3d986db930f848v,8158,186,100,True,True,S1B_IW_SLC__1SDV_20200803T075720_20200803T075748_022756_02B2FF_E5D2,2
224,validation,SLC,5c3d986db930f848v,4510,423,100,True,False,S1B_IW_SLC__1SDV_20200803T075720_20200803T075748_022756_02B2FF_E5D2,2
225,validation,SLC,5c3d986db930f848v,18293,2730,100,True,True,S1B_IW_SLC__1SDV_20200803T075720_20200803T075748_022756_02B2FF_E5D2,2
226,validation,SLC,5c3d986db930f848v,12738,3197,100,True,True,S1B_IW_SLC__1SDV_20200803T075720_20200803T075748_022756_02B2FF_E5D2,2
227,validation,SLC,5c3d986db930f848v,20407,1162,100,False,False,S1B_IW_SLC__1SDV_20200803T075720_20200803T075748_022756_02B2FF_E5D2,2
228,validation,SLC,5c3d986db930f848v,11859,8385,100,True,True,S1B_IW_SLC__1SDV_20200803T075720_20200803T075748_022756_02B2FF_E5D2,2
229,validation,SLC,5c3d986db930f848v,12893,1733,100,False,False,S1B_IW_SLC__1SDV_20200803T075720_20200803T075748_022756_02B2FF_E5D2,2
230,validation,SLC,5c3d986db930f848v,14671,1822,100,False,False,S1B_IW_SLC__1SDV_20200803T075720_20200803T075748_022756_02B2FF_E5D2,2
231,validation,SLC,5c3d986db930f848v,20295,9277,100,True,True,S1B_IW_SLC__1SDV_20200803T075720_20200803T075748_022756_02B2FF_E5D2,2
232,validation,SLC,5c3d986db930f848v,14823,2582,100,False,False,S1B_IW_SLC__1SDV_20200803T075720_20200803T075748_022756_02B2FF_E5D2,2
233,validation,SLC,5c3d986db930f848v,19230,9647,100,False,False,S1B_IW_SLC__1SDV_20200803T075720_20200803T075748_022756_02B2FF_E5D2,2
234,validation,SLC,5c3d986db930f848v,8102,6006,100,False,False,S1B_IW_SLC__1SDV_20200803T075720_20200803T075748_022756_02B2FF_E5D2,2
235,validation,SLC,5c3d986db930f848v,6929,2782,100,True,True,S1B_IW_SLC__1SDV_20200803T075720_20200803T075748_022756_02B2FF_E5D2,2
236,validation,SLC,5c3d986db930f848v,15860,1255,100,True,True,S1B_IW_SLC__1SDV_20200803T075720_20200803T075748_022756_02B2FF_E5D2,2
237,validation,SLC,5c3d986db930f848v,9911,3268,100,False,False,S1B_IW_SLC__1SDV_20200803T075720_20200803T075748_022756_02B2FF_E5D2,2
238,validation,SLC,5c3d986db930f848v,12105,2235,100,True,True,S1B_IW_SLC__1SDV_20200803T075720_20200803T075748_022756_02B2FF_E5D2,2
239,validation,SLC,5c3d986db930f848v,6619,4759,100,True,True,S1B_IW_SLC__1SDV_20200803T075720_20200803T075748_022756_02B2FF_E5D2,2
240,validation,SLC,5c3d986db930f848v,12889,2013,100,True,True,S1B_IW_SLC__1SDV_20200803T075720_20200803T075748_022756_02B2FF_E5D2,2
241,validation,SLC,5c3d986db930f848v,14974,8975,100,True,True,S1B_IW_SLC__1SDV_20200803T075720_20200803T075748_022756_02B2FF_E5D2,2
242,validation,SLC,5c3d986db930f848v,14905,7260,100,False,True,S1B_IW_SLC__1SDV_20200803T075720_20200803T075748_022756_02B2FF_E5D2,2
243,validation,SLC,5c3d986db930f848v,16677,1906,100,True,False,S1B_IW_SLC__1SDV_20200803T075720_20200803T075748_022756_02B2FF_E5D2,2
244,validation,SLC,5c3d986db930f848v,10908,7825,100,False,False,S1B_IW_SLC__1SDV_20200803T075720_20200803T075748_022756_02B2FF_E5D2,2
245,validation,SLC,5c3d986db930f848v,9407,4424,100,False,True,S1B_IW_SLC__1SDV_20200803T075720_20200803T075748_022756_02B2FF_E5D2,2
246,validation,SLC,5c3d986db930f848v,12790,1493,100,True,True,S1B_IW_SLC__1SDV_20200803T075720_20200803T075748_022756_02B2FF_E5D2,2
247,validation,SLC,5c3d986db930f848v,8309,7727,100,True,True,S1B_IW_SLC__1SDV_20200803T075720_20200803T075748_022756_02B2FF_E5D2,2
248,validation,SLC,5c3d986db930f848v,10442,8040,100,False,False,S1B_IW_SLC__1SDV_20200803T075720_20200803T075748_022756_02B2FF_E5D2,2
249,validation,SLC,5c3d986db930f848v,8879,2538,100,True,True,S1B_IW_SLC__1SDV_20200803T075720_20200803T075748_022756_02B2FF_E5D2,2
250,validation,SLC,5c3d986db930f848v,18246,3602,100,True,False,S1B_IW_SLC__1SDV_20200803T075720_20200803T075748_022756_02B2FF_E5D2,2
251,validation,SLC,5c3d986db930f848v,5483,3683,100,True,False,S1B_IW_SLC__1SDV_20200803T075720_20200803T075748_022756_02B2FF_E5D2,2
252,validation,SLC,5c3d986db930f848v,21934,7825,100,False,False,S1B_IW_SLC__1SDV_20200803T075720_20200803T075748_022756_02B2FF_E5D2,2
253,validation,SLC,5c3d986db930f848v,21262,1264,100,False,False,S1B_IW_SLC__1SDV_20200803T075720_20200803T075748_022756_02B2FF_E5D2,2
254,validation,SLC,5c3d986db930f848v,13461,8636,100,True,True,S1B_IW_SLC__1SDV_20200803T075720_20200803T075748_022756_02B2FF_E5D2,2
255,validation,SLC,5c3d986db930f848v,11469,2410,100,False,False,S1B_IW_SLC__1SDV_20200803T075720_20200803T075748_022756_02B2FF_E5D2,2
256,validation,SLC,5c3d986db930f848v,16989,1827,100,True,True,S1B_IW_SLC__1SDV_20200803T075720_20200803T075748_022756_02B2FF_E5D2,2
257,validation,SLC,5c3d986db930f848v,11265,751,100,False,False,S1B_IW_SLC__1SDV_20200803T075720_20200803T075748_022756_02B2FF_E5D2,2
258,validation,SLC,5c3d986db930f848v,14563,8764,100,True,False,S1B_IW_SLC__1SDV_20200803T075720_20200803T075748_022756_02B2FF_E5D2,2
259,validation,SLC,5c3d986db930f848v,16497,714,100,True,False,S1B_IW_SLC__1SDV_20200803T075720_20200803T075748_022756_02B2FF_E5D2,2
260,validation,SLC,5c3d986db930f848v,12683,2402,100,True,True,S1B_IW_SLC__1SDV_20200803T075720_20200803T075748_022756_02B2FF_E5D2,2
261,validation,SLC,5c3d986db930f848v,14020,2348,100,False,False,S1B_IW_SLC__1SDV_20200803T075720_20200803T075748_022756_02B2FF_E5D2,2
262,validation,SLC,5c3d986db930f848v,9560,2878,100,True,True,S1B_IW_SLC__1SDV_20200803T075720_20200803T075748_022756_02B2FF_E5D2,2
263,validation,SLC,5c3d986db930f848v,11939,2108,100,False,True,S1B_IW_SLC__1SDV_20200803T075720_20200803T075748_022756_02B2FF_E5D2,2
264,validation,SLC,5c3d986db930f848v,13246,1339,100,False,False,S1B_IW_SLC__1SDV_20200803T075720_20200803T075748_022756_02B2FF_E5D2,2
265,validation,SLC,5c3d986db930f848v,7783,4783,100,False,False,S1B_IW_SLC__1SDV_20200803T075720_20200803T075748_022756_02B2FF_E5D2,2
266,validation,SLC,5c3d986db930f848v,16111,722,100,True,False,S1B_IW_SLC__1SDV_20200803T075720_20200803T075748_022756_02B2FF_E5D2,2
267,validation,SLC,5c3d986db930f848v,4532,2303,100,False,True,S1B_IW_SLC__1SDV_20200803T075720_20200803T075748_022756_02B2FF_E5D2,2
268,validation,SLC,5c3d986db930f848v,11915,1992,100,True,True,S1B_IW_SLC__1SDV_20200803T075720_20200803T075748_022756_02B2FF_E5D2,2
269,validation,SLC,5c3d986db930f848v,13802,6952,100,True,False,S1B_IW_SLC__1SDV_20200803T075720_20200803T075748_022756_02B2FF_E5D2,2
270,validation,SLC,5c3d986db930f848v,16509,832,100,False,False,S1B_IW_SLC__1SDV_20200803T075720_20200803T075748_022756_02B2FF_E5D2,2
271,validation,SLC,5c3d986db930f848v,9236,6758,100,True,False,S1B_IW_SLC__1SDV_20200803T075720_20200803T075748_022756_02B2FF_E5D2,2
272,validation,SLC,5c3d986db930f848v,10170,5525,100,True,False,S1B_IW_SLC__1SDV_20200803T075720_20200803T075748_022756_02B2FF_E5D2,2
273,validation,SLC,5c3d986db930f848v,10875,7893,100,False,False,S1B_IW_SLC__1SDV_20200803T075720_20200803T075748_022756_02B2FF_E5D2,2
274,validation,SLC,5c3d986db930f848v,12935,1780,100,True,False,S1B_IW_SLC__1SDV_20200803T075720_20200803T075748_022756_02B2FF_E5D2,2
275,validation,SLC,5c3d986db930f848v,6688,6819,100,True,True,S1B_IW_SLC__1SDV_20200803T075720_20200803T075748_022756_02B2FF_E5D2,2
276,validation,SLC,5c3d986db930f848v,10406,1206,100,True,True,S1B_IW_SLC__1SDV_20200803T075720_20200803T075748_022756_02B2FF_E5D2,2
277,validation,SLC,5c3d986db930f848v,6152,7412,100,True,False,S1B_IW_SLC__1SDV_20200803T075720_20200803T075748_022756_02B2FF_E5D2,2
278,validation,SLC,5c3d986db930f848v,11801,1985,100,False,False,S1B_IW_SLC__1SDV_20200803T075720_20200803T075748_022756_02B2FF_E5D2,2
279,validation,SLC,5c3d986db930f848v,7622,1915,100,True,False,S1B_IW_SLC__1SDV_20200803T075720_20200803T075748_022756_02B2FF_E5D2,2
280,validation,SLC,5c3d986db930f848v,20025,3995,100,True,False,S1B_IW_SLC__1SDV_20200803T075720_20200803T075748_022756_02B2FF_E5D2,2
281,validation,SLC,5c3d986db930f848v,12742,5124,100,True,False,S1B_IW_SLC__1SDV_20200803T075720_20200803T075748_022756_02B2FF_E5D2,2
282,validation,SLC,5c3d986db930f848v,20894,2276,100,False,False,S1B_IW_SLC__1SDV_20200803T075720_20200803T075748_022756_02B2FF_E5D2,2
283,validation,SLC,5c3d986db930f848v,8601,8162,100,True,False,S1B_IW_SLC__1SDV_20200803T075720_20200803T075748_022756_02B2FF_E5D2,2
284,validation,SLC,5c3d986db930f848v,4787,6373,100,False,True,S1B_IW_SLC__1SDV_20200803T075720_20200803T075748_022756_02B2FF_E5D2,2
285,validation,SLC,5c3d986db930f848v,3415,3117,100,False,False,S1B_IW_SLC__1SDV_20200803T075720_20200803T075748_022756_02B2FF_E5D2,2
286,validation,SLC,5c3d986db930f848v,7589,1264,100,False,False,S1B_IW_SLC__1SDV_20200803T075720_20200803T075748_022756_02B2FF_E5D2,2
287,validation,SLC,5c3d986db930f848v,11334,3158,100,False,False,S1B_IW_SLC__1SDV_20200803T075720_20200803T075748_022756_02B2FF_E5D2,2
288,validation,SLC,5c3d986db930f848v,18805,7750,100,True,True,S1B_IW_SLC__1SDV_20200803T075720_20200803T075748_022756_02B2FF_E5D2,2
289,validation,SLC,5c3d986db930f848v,20491,6116,100,False,False,S1B_IW_SLC__1SDV_20200803T075720_20200803T075748_022756_02B2FF_E5D2,2
290,validation,SLC,5c3d986db930f848v,7762,7137,100,True,False,S1B_IW_SLC__1SDV_20200803T075720_20200803T075748_022756_02B2FF_E5D2,2
291,validation,SLC,5c3d986db930f848v,19810,1682,100,False,False,S1B_IW_SLC__1SDV_20200803T075720_20200803T075748_022756_02B2FF_E5D2,2
292,validation,SLC,5c3d986db930f848v,10058,3794,100,True,True,S1B_IW_SLC__1SDV_20200803T075720_20200803T075748_022756_02B2FF_E5D2,2
293,validation,SLC,5c3d986db930f848v,18170,9277,100,True,False,S1B_IW_SLC__1SDV_20200803T075720_20200803T075748_022756_02B2FF_E5D2,2
294,validation,SLC,5c3d986db930f848v,9173,3805,100,True,False,S1B_IW_SLC__1SDV_20200803T075720_20200803T075748_022756_02B2FF_E5D2,2
295,validation,SLC,5c3d986db930f848v,22077,9488,100,False,False,S1B_IW_SLC__1SDV_20200803T075720_20200803T075748_022756_02B2FF_E5D2,2
296,validation,SLC,5c3d986db930f848v,11101,2120,100,True,True,S1B_IW_SLC__1SDV_20200803T075720_20200803T075748_022756_02B2FF_E5D2,2
297,validation,SLC,5c3d986db930f848v,21643,1312,100,True,True,S1B_IW_SLC__1SDV_20200803T075720_20200803T075748_022756_02B2FF_E5D2,2
298,validation,SLC,5c3d986db930f848v,5146,4796,100,False,False,S1B_IW_SLC__1SDV_20200803T075720_20200803T075748_022756_02B2FF_E5D2,2
299,validation,SLC,5c3d986db930f848v,13610,8558,100,True,False,S1B_IW_SLC__1SDV_20200803T075720_20200803T075748_022756_02B2FF_E5D2,2
300,validation,SLC,5c3d986db930f848v,3420,4077,100,True,False,S1B_IW_SLC__1SDV_20200803T075720_20200803T075748_022756_02B2FF_E5D2,2
301,validation,SLC,5c3d986db930f848v,5395,2410,100,False,False,S1B_IW_SLC__1SDV_20200803T075720_20200803T075748_022756_02B2FF_E5D2,2
302,validation,SLC,5c3d986db930f848v,4657,185,100,True,False,S1B_IW_SLC__1SDV_20200803T075720_20200803T075748_022756_02B2FF_E5D2,2
303,validation,SLC,5c3d986db930f848v,19557,9660,100,True,True,S1B_IW_SLC__1SDV_20200803T075720_20200803T075748_022756_02B2FF_E5D2,2
304,validation,SLC,5c3d986db930f848v,13258,1637,100,True,False,S1B_IW_SLC__1SDV_20200803T075720_20200803T075748_022756_02B2FF_E5D2,2
305,validation,SLC,5c3d986db930f848v,12158,1271,100,True,True,S1B_IW_SLC__1SDV_20200803T075720_20200803T075748_022756_02B2FF_E5D2,2
306,validation,SLC,5c3d986db930f848v,20098,4038,100,False,False,S1B_IW_SLC__1SDV_20200803T075720_20200803T075748_022756_02B2FF_E5D2,2
307,validation,SLC,5c3d986db930f848v,18766,1109,100,True,False,S1B_IW_SLC__1SDV_20200803T075720_20200803T075748_022756_02B2FF_E5D2,2
308,validation,SLC,5c3d986db930f848v,5141,4466,100,True,True,S1B_IW_SLC__1SDV_20200803T075720_20200803T075748_022756_02B2FF_E5D2,2
309,validation,SLC,5c3d986db930f848v,20864,2352,100,True,False,S1B_IW_SLC__1SDV_20200803T075720_20200803T075748_022756_02B2FF_E5D2,2
310,validation,SLC,5c3d986db930f848v,5114,1293,100,True,False,S1B_IW_SLC__1SDV_20200803T075720_20200803T075748_022756_02B2FF_E5D2,2
311,validation,SLC,5c3d986db930f848v,16311,768,100,True,False,S1B_IW_SLC__1SDV_20200803T075720_20200803T075748_022756_02B2FF_E5D2,2
312,validation,SLC,5c3d986db930f848v,6650,2287,100,False,False,S1B_IW_SLC__1SDV_20200803T075720_20200803T075748_022756_02B2FF_E5D2,2
313,validation,SLC,5c3d986db930f848v,14887,2418,100,False,False,S1B_IW_SLC__1SDV_20200803T075720_20200803T075748_022756_02B2FF_E5D2,2
314,validation,SLC,5c3d986db930f848v,18530,7494,100,True,True,S1B_IW_SLC__1SDV_20200803T075720_20200803T075748_022756_02B2FF_E5D2,2
315,validation,SLC,5c3d986db930f848v,17317,1363,100,False,False,S1B_IW_SLC__1SDV_20200803T075720_20200803T075748_022756_02B2FF_E5D2,2
316,validation,SLC,5c3d986db930f848v,16359,816,100,True,False,S1B_IW_SLC__1SDV_20200803T075720_20200803T075748_022756_02B2FF_E5D2,2
317,validation,SLC,5c3d986db930f848v,19203,1798,100,True,False,S1B_IW_SLC__1SDV_20200803T075720_20200803T075748_022756_02B2FF_E5D2,2
318,validation,SLC,5c3d986db930f848v,6843,3992,100,True,False,S1B_IW_SLC__1SDV_20200803T075720_20200803T075748_022756_02B2FF_E5D2,2
319,validation,SLC,5c3d986db930f848v,9570,7401,100,False,False,S1B_IW_SLC__1SDV_20200803T075720_20200803T075748_022756_02B2FF_E5D2,2
320,validation,SLC,5c3d986db930f848v,16512,814,100,False,False,S1B_IW_SLC__1SDV_20200803T075720_20200803T075748_022756_02B2FF_E5D2,2
321,validation,SLC,5c3d986db930f848v,17524,3682,100,True,False,S1B_IW_SLC__1SDV_20200803T075720_20200803T075748_022756_02B2FF_E5D2,2
322,validation,SLC,5c3d986db930f848v,15929,2380,100,True,False,S1B_IW_SLC__1SDV_20200803T075720_20200803T075748_022756_02B2FF_E5D2,2
323,validation,SLC,5c3d986db930f848v,16474,7561,100,False,False,S1B_IW_SLC__1SDV_20200803T075720_20200803T075748_022756_02B2FF_E5D2,2
324,validation,SLC,5c3d986db930f848v,7844,5040,100,True,False,S1B_IW_SLC__1SDV_20200803T075720_20200803T075748_022756_02B2FF_E5D2,2
325,validation,SLC,5c3d986db930f848v,5722,3561,100,False,False,S1B_IW_SLC__1SDV_20200803T075720_20200803T075748_022756_02B2FF_E5D2,2
326,validation,SLC,5c3d986db930f848v,13006,1768,100,True,True,S1B_IW_SLC__1SDV_20200803T075720_20200803T075748_022756_02B2FF_E5D2,2
327,validation,SLC,5c3d986db930f848v,8280,6940,100,True,False,S1B_IW_SLC__1SDV_20200803T075720_20200803T075748_022756_02B2FF_E5D2,2
328,validation,SLC,5c3d986db930f848v,11237,4601,100,True,False,S1B_IW_SLC__1SDV_20200803T075720_20200803T075748_022756_02B2FF_E5D2,2
329,validation,SLC,5c3d986db930f848v,19745,1545,100,True,True,S1B_IW_SLC__1SDV_20200803T075720_20200803T075748_022756_02B2FF_E5D2,2
330,validation,SLC,5c3d986db930f848v,9465,4722,100,True,False,S1B_IW_SLC__1SDV_20200803T075720_20200803T075748_022756_02B2FF_E5D2,2
331,validation,SLC,5c3d986db930f848v,8727,6671,100,False,False,S1B_IW_SLC__1SDV_20200803T075720_20200803T075748_022756_02B2FF_E5D2,2
332,validation,SLC,5c3d986db930f848v,5955,7391,100,True,True,S1B_IW_SLC__1SDV_20200803T075720_20200803T075748_022756_02B2FF_E5D2,2
333,validation,SLC,5c3d986db930f848v,20317,1264,100,False,False,S1B_IW_SLC__1SDV_20200803T075720_20200803T075748_022756_02B2FF_E5D2,2
334,validation,SLC,5c3d986db930f848v,18437,2759,100,True,False,S1B_IW_SLC__1SDV_20200803T075720_20200803T075748_022756_02B2FF_E5D2,2
335,validation,SLC,5c3d986db930f848v,10725,7619,100,True,False,S1B_IW_SLC__1SDV_20200803T075720_20200803T075748_022756_02B2FF_E5D2,2
336,validation,SLC,5c3d986db930f848v,20121,9710,100,True,True,S1B_IW_SLC__1SDV_20200803T075720_20200803T075748_022756_02B2FF_E5D2,2
337,validation,SLC,5c3d986db930f848v,7028,4054,100,True,True,S1B_IW_SLC__1SDV_20200803T075720_20200803T075748_022756_02B2FF_E5D2,2
338,validation,SLC,5c3d986db930f848v,13124,4268,100,True,True,S1B_IW_SLC__1SDV_20200803T075720_20200803T075748_022756_02B2FF_E5D2,2
339,validation,SLC,5c3d986db930f848v,10161,2930,100,True,True,S1B_IW_SLC__1SDV_20200803T075720_20200803T075748_022756_02B2FF_E5D2,2
340,validation,SLC,5c3d986db930f848v,17721,7622,100,False,True,S1B_IW_SLC__1SDV_20200803T075720_20200803T075748_022756_02B2FF_E5D2,2
341,validation,SLC,5c3d986db930f848v,13596,1077,100,True,True,S1B_IW_SLC__1SDV_20200803T075720_20200803T075748_022756_02B2FF_E5D2,2
342,validation,SLC,5c3d986db930f848v,15860,3683,100,False,True,S1B_IW_SLC__1SDV_20200803T075720_20200803T075748_022756_02B2FF_E5D2,2
343,validation,SLC,5c3d986db930f848v,18861,7750,100,True,True,S1B_IW_SLC__1SDV_20200803T075720_20200803T075748_022756_02B2FF_E5D2,2
344,validation,SLC,5c3d986db930f848v,13660,2213,100,True,True,S1B_IW_SLC__1SDV_20200803T075720_20200803T075748_022756_02B2FF_E5D2,2
345,validation,SLC,5c3d986db930f848v,6136,7000,100,True,False,S1B_IW_SLC__1SDV_20200803T075720_20200803T075748_022756_02B2FF_E5D2,2
346,validation,SLC,5c3d986db930f848v,22468,9245,100,False,False,S1B_IW_SLC__1SDV_20200803T075720_20200803T075748_022756_02B2FF_E5D2,2
347,validation,SLC,5c3d986db930f848v,8024,6035,100,True,False,S1B_IW_SLC__1SDV_20200803T075720_20200803T075748_022756_02B2FF_E5D2,2
348,validation,SLC,5c3d986db930f848v,9813,1381,100,True,False,S1B_IW_SLC__1SDV_20200803T075720_20200803T075748_022756_02B2FF_E5D2,2
349,validation,SLC,5c3d986db930f848v,22351,6756,100,True,False,S1B_IW_SLC__1SDV_20200803T075720_20200803T075748_022756_02B2FF_E5D2,2
350,validation,SLC,5c3d986db930f848v,8401,2535,100,True,True,S1B_IW_SLC__1SDV_20200803T075720_20200803T075748_022756_02B2FF_E5D2,2
351,validation,SLC,5c3d986db930f848v,4554,2292,100,True,False,S1B_IW_SLC__1SDV_20200803T075720_20200803T075748_022756_02B2FF_E5D2,2
352,validation,SLC,5c3d986db930f848v,22222,8846,100,True,False,S1B_IW_SLC__1SDV_20200803T075720_20200803T075748_022756_02B2FF_E5D2,2
353,validation,SLC,5c3d986db930f848v,11879,1966,100,True,True,S1B_IW_SLC__1SDV_20200803T075720_20200803T075748_022756_02B2FF_E5D2,2
354,validation,SLC,5c3d986db930f848v,17952,3451,100,False,False,S1B_IW_SLC__1SDV_20200803T075720_20200803T075748_022756_02B2FF_E5D2,2
355,validation,SLC,5c3d986db930f848v,11022,7764,100,False,True,S1B_IW_SLC__1SDV_20200803T075720_20200803T075748_022756_02B2FF_E5D2,2
356,validation,SLC,5c3d986db930f848v,6503,2902,100,True,False,S1B_IW_SLC__1SDV_20200803T075720_20200803T075748_022756_02B2FF_E5D2,2
357,validation,SLC,5c3d986db930f848v,7621,2902,100,True,False,S1B_IW_SLC__1SDV_20200803T075720_20200803T075748_022756_02B2FF_E5D2,2
358,validation,SLC,5c3d986db930f848v,23491,5805,100,False,True,S1B_IW_SLC__1SDV_20200803T075720_20200803T075748_022756_02B2FF_E5D2,2
359,validation,SLC,5c3d986db930f848v,6913,7430,100,True,True,S1B_IW_SLC__1SDV_20200803T075720_20200803T075748_022756_02B2FF_E5D2,2
360,validation,SLC,5c3d986db930f848v,21424,9236,100,True,False,S1B_IW_SLC__1SDV_20200803T075720_20200803T075748_022756_02B2FF_E5D2,2
361,validation,SLC,5c3d986db930f848v,15198,1734,100,True,False,S1B_IW_SLC__1SDV_20200803T075720_20200803T075748_022756_02B2FF_E5D2,2
362,validation,SLC,5c3d986db930f848v,7050,3632,100,True,True,S1B_IW_SLC__1SDV_20200803T075720_20200803T075748_022756_02B2FF_E5D2,2
363,validation,SLC,5c3d986db930f848v,11674,2209,100,True,True,S1B_IW_SLC__1SDV_20200803T075720_20200803T075748_022756_02B2FF_E5D2,2
364,validation,SLC,5c3d986db930f848v,11970,2605,100,True,True,S1B_IW_SLC__1SDV_20200803T075720_20200803T075748_022756_02B2FF_E5D2,2
365,validation,SLC,5c3d986db930f848v,21861,1485,100,True,True,S1B_IW_SLC__1SDV_20200803T075720_20200803T075748_022756_02B2FF_E5D2,2
366,validation,SLC,5c3d986db930f848v,10151,2959,100,True,False,S1B_IW_SLC__1SDV_20200803T075720_20200803T075748_022756_02B2FF_E5D2,2
367,validation,SLC,5c3d986db930f848v,24046,8387,100,True,False,S1B_IW_SLC__1SDV_20200803T075720_20200803T075748_022756_02B2FF_E5D2,2
368,validation,SLC,5c3d986db930f848v,10104,4660,100,False,False,S1B_IW_SLC__1SDV_20200803T075720_20200803T075748_022756_02B2FF_E5D2,2
369,validation,SLC,5c3d986db930f848v,7680,2785,100,True,True,S1B_IW_SLC__1SDV_20200803T075720_20200803T075748_022756_02B2FF_E5D2,2
370,validation,SLC,5c3d986db930f848v,15828,1591,100,False,False,S1B_IW_SLC__1SDV_20200803T075720_20200803T075748_022756_02B2FF_E5D2,2
371,validation,SLC,5c3d986db930f848v,15175,2889,100,True,False,S1B_IW_SLC__1SDV_20200803T075720_20200803T075748_022756_02B2FF_E5D2,2
372,validation,SLC,5c3d986db930f848v,9680,7835,100,True,False,S1B_IW_SLC__1SDV_20200803T075720_20200803T075748_022756_02B2FF_E5D2,2
373,validation,SLC,5c3d986db930f848v,20228,3055,100,False,True,S1B_IW_SLC__1SDV_20200803T075720_20200803T075748_022756_02B2FF_E5D2,2
374,validation,SLC,5c3d986db930f848v,19551,1472,100,True,False,S1B_IW_SLC__1SDV_20200803T075720_20200803T075748_022756_02B2FF_E5D2,2
375,validation,SLC,5c3d986db930f848v,22057,9502,100,False,True,S1B_IW_SLC__1SDV_20200803T075720_20200803T075748_022756_02B2FF_E5D2,2
376,validation,SLC,5c3d986db930f848v,12946,1536,100,True,False,S1B_IW_SLC__1SDV_20200803T075720_20200803T075748_022756_02B2FF_E5D2,2
377,validation,SLC,5c3d986db930f848v,4581,2977,100,True,False,S1B_IW_SLC__1SDV_20200803T075720_20200803T075748_022756_02B2FF_E5D2,2
378,validation,SLC,5c3d986db930f848v,18941,1393,100,True,False,S1B_IW_SLC__1SDV_20200803T075720_20200803T075748_022756_02B2FF_E5D2,2
379,validation,SLC,5c3d986db930f848v,9115,1836,100,False,True,S1B_IW_SLC__1SDV_20200803T075720_20200803T075748_022756_02B2FF_E5D2,2
380,validation,SLC,5c3d986db930f848v,16722,3922,100,True,False,S1B_IW_SLC__1SDV_20200803T075720_20200803T075748_022756_02B2FF_E5D2,2
381,validation,SLC,5c3d986db930f848v,10316,7544,100,False,False,S1B_IW_SLC__1SDV_20200803T075720_20200803T075748_022756_02B2FF_E5D2,2
382,validation,SLC,5c3d986db930f848v,6539,1765,100,False,True,S1B_IW_SLC__1SDV_20200803T075720_20200803T075748_022756_02B2FF_E5D2,2
383,validation,SLC,5c3d986db930f848v,13273,8385,100,True,False,S1B_IW_SLC__1SDV_20200803T075720_20200803T075748_022756_02B2FF_E5D2,2
384,validation,SLC,5c3d986db930f848v,19841,9708,100,False,True,S1B_IW_SLC__1SDV_20200803T075720_20200803T075748_022756_02B2FF_E5D2,2
385,validation,SLC,5c3d986db930f848v,8672,1780,100,True,False,S1B_IW_SLC__1SDV_20200803T075720_20200803T075748_022756_02B2FF_E5D2,2
386,validation,SLC,5c3d986db930f848v,8344,1580,100,True,True,S1B_IW_SLC__1SDV_20200803T075720_20200803T075748_022756_02B2FF_E5D2,2
387,validation,SLC,5c3d986db930f848v,9643,1499,100,True,False,S1B_IW_SLC__1SDV_20200803T075720_20200803T075748_022756_02B2FF_E5D2,2
388,validation,SLC,5c3d986db930f848v,6385,1635,100,True,False,S1B_IW_SLC__1SDV_20200803T075720_20200803T075748_022756_02B2FF_E5D2,2
389,validation,SLC,5c3d986db930f848v,23998,8766,100,False,False,S1B_IW_SLC__1SDV_20200803T075720_20200803T075748_022756_02B2FF_E5D2,2
390,validation,SLC,5c3d986db930f848v,19890,8567,100,True,False,S1B_IW_SLC__1SDV_20200803T075720_20200803T075748_022756_02B2FF_E5D2,2
391,validation,SLC,5c3d986db930f848v,16542,9077,100,False,False,S1B_IW_SLC__1SDV_20200803T075720_20200803T075748_022756_02B2FF_E5D2,2
392,validation,SLC,5c3d986db930f848v,12696,2206,100,True,True,S1B_IW_SLC__1SDV_20200803T075720_20200803T075748_022756_02B2FF_E5D2,2
393,validation,SLC,5c3d986db930f848v,18144,5671,100,False,False,S1B_IW_SLC__1SDV_20200803T075720_20200803T075748_022756_02B2FF_E5D2,2
394,validation,SLC,5c3d986db930f848v,13578,1511,100,True,True,S1B_IW_SLC__1SDV_20200803T075720_20200803T075748_022756_02B2FF_E5D2,2
395,validation,SLC,5c3d986db930f848v,8822,7055,100,True,True,S1B_IW_SLC__1SDV_20200803T075720_20200803T075748_022756_02B2FF_E5D2,2
396,validation,SLC,5c3d986db930f848v,7536,805,100,False,True,S1B_IW_SLC__1SDV_20200803T075720_20200803T075748_022756_02B2FF_E5D2,2
397,validation,SLC,5c3d986db930f848v,2993,2971,100,True,True,S1B_IW_SLC__1SDV_20200803T075720_20200803T075748_022756_02B2FF_E5D2,2
398,validation,SLC,5c3d986db930f848v,6479,2946,100,False,False,S1B_IW_SLC__1SDV_20200803T075720_20200803T075748_022756_02B2FF_E5D2,2
399,validation,SLC,5c3d986db930f848v,12772,8466,100,False,True,S1B_IW_SLC__1SDV_20200803T075720_20200803T075748_022756_02B2FF_E5D2,2
400,validation,SLC,5c3d986db930f848v,17554,1930,100,True,True,S1B_IW_SLC__1SDV_20200803T075720_20200803T075748_022756_02B2FF_E5D2,3
401,validation,SLC,5c3d986db930f848v,13154,6465,100,False,False,S1B_IW_SLC__1SDV_20200803T075720_20200803T075748_022756_02B2FF_E5D2,3
402,validation,SLC,5c3d986db930f848v,11921,3347,100,True,False,S1B_IW_SLC__1SDV_20200803T075720_20200803T075748_022756_02B2FF_E5D2,3
403,validation,SLC,5c3d986db930f848v,4098,6447,100,False,False,S1B_IW_SLC__1SDV_20200803T075720_20200803T075748_022756_02B2FF_E5D2,3
404,validation,SLC,5c3d986db930f848v,10311,5943,100,True,False,S1B_IW_SLC__1SDV_20200803T075720_20200803T075748_022756_02B2FF_E5D2,3
405,validation,SLC,5c3d986db930f848v,5327,2372,100,False,False,S1B_IW_SLC__1SDV_20200803T075720_20200803T075748_022756_02B2FF_E5D2,3
406,validation,SLC,5c3d986db930f848v,1727,5776,100,True,False,S1B_IW_SLC__1SDV_20200803T075720_20200803T075748_022756_02B2FF_E5D2,3
407,validation,SLC,5c3d986db930f848v,14131,3688,100,True,False,S1B_IW_SLC__1SDV_20200803T075720_20200803T075748_022756_02B2FF_E5D2,3
408,validation,SLC,5c3d986db930f848v,9990,5503,100,False,False,S1B_IW_SLC__1SDV_20200803T075720_20200803T075748_022756_02B2FF_E5D2,3
409,validation,SLC,5c3d986db930f848v,14857,2070,100,True,True,S1B_IW_SLC__1SDV_20200803T075720_20200803T075748_022756_02B2FF_E5D2,3
410,validation,SLC,5c3d986db930f848v,2594,9748,100,False,False,S1B_IW_SLC__1SDV_20200803T075720_20200803T075748_022756_02B2FF_E5D2,3
411,validation,SLC,5c3d986db930f848v,19023,2223,100,True,False,S1B_IW_SLC__1SDV_20200803T075720_20200803T075748_022756_02B2FF_E5D2,3
412,validation,SLC,5c3d986db930f848v,17455,3101,100,True,False,S1B_IW_SLC__1SDV_20200803T075720_20200803T075748_022756_02B2FF_E5D2,3
413,validation,SLC,5c3d986db930f848v,2440,3038,100,True,False,S1B_IW_SLC__1SDV_20200803T075720_20200803T075748_022756_02B2FF_E5D2,3
414,validation,SLC,5c3d986db930f848v,8026,5556,100,True,False,S1B_IW_SLC__1SDV_20200803T075720_20200803T075748_022756_02B2FF_E5D2,3
415,validation,SLC,5c3d986db930f848v,4173,4857,100,False,False,S1B_IW_SLC__1SDV_20200803T075720_20200803T075748_022756_02B2FF_E5D2,3
416,validation,SLC,5c3d986db930f848v,9321,2647,100,True,False,S1B_IW_SLC__1SDV_20200803T075720_20200803T075748_022756_02B2FF_E5D2,3
417,validation,SLC,5c3d986db930f848v,4523,10432,100,True,False,S1B_IW_SLC__1SDV_20200803T075720_20200803T075748_022756_02B2FF_E5D2,3
418,validation,SLC,5c3d986db930f848v,1601,10327,100,False,True,S1B_IW_SLC__1SDV_20200803T075720_20200803T075748_022756_02B2FF_E5D2,3
419,validation,SLC,5c3d986db930f848v,1573,2096,100,False,True,S1B_IW_SLC__1SDV_20200803T075720_20200803T075748_022756_02B2FF_E5D2,3
420,validation,SLC,5c3d986db930f848v,13079,3294,100,True,False,S1B_IW_SLC__1SDV_20200803T075720_20200803T075748_022756_02B2FF_E5D2,3
421,validation,SLC,5c3d986db930f848v,10177,5034,100,False,True,S1B_IW_SLC__1SDV_20200803T075720_20200803T075748_022756_02B2FF_E5D2,3
422,validation,SLC,5c3d986db930f848v,4694,4699,100,True,False,S1B_IW_SLC__1SDV_20200803T075720_20200803T075748_022756_02B2FF_E5D2,3
423,validation,SLC,5c3d986db930f848v,400,8419,100,False,False,S1B_IW_SLC__1SDV_20200803T075720_20200803T075748_022756_02B2FF_E5D2,3
424,validation,SLC,5c3d986db930f848v,10233,3080,100,False,False,S1B_IW_SLC__1SDV_20200803T075720_20200803T075748_022756_02B2FF_E5D2,3
425,validation,SLC,5c3d986db930f848v,5682,3132,100,False,False,S1B_IW_SLC__1SDV_20200803T075720_20200803T075748_022756_02B2FF_E5D2,3
426,validation,SLC,5c3d986db930f848v,3403,9171,100,True,True,S1B_IW_SLC__1SDV_20200803T075720_20200803T075748_022756_02B2FF_E5D2,3
427,validation,SLC,5c3d986db930f848v,13715,3352,100,True,False,S1B_IW_SLC__1SDV_20200803T075720_20200803T075748_022756_02B2FF_E5D2,3
428,validation,SLC,5c3d986db930f848v,7913,5450,100,False,True,S1B_IW_SLC__1SDV_20200803T075720_20200803T075748_022756_02B2FF_E5D2,3
429,validation,SLC,5c3d986db930f848v,2691,6475,100,True,False,S1B_IW_SLC__1SDV_20200803T075720_20200803T075748_022756_02B2FF_E5D2,3
430,validation,SLC,5c3d986db930f848v,640,8919,100,True,False,S1B_IW_SLC__1SDV_20200803T075720_20200803T075748_022756_02B2FF_E5D2,3
431,validation,SLC,5c3d986db930f848v,7015,6762,100,False,True,S1B_IW_SLC__1SDV_20200803T075720_20200803T075748_022756_02B2FF_E5D2,3
432,validation,SLC,5c3d986db930f848v,2914,5946,100,False,True,S1B_IW_SLC__1SDV_20200803T075720_20200803T075748_022756_02B2FF_E5D2,3
433,validation,SLC,5c3d986db930f848v,13767,3628,100,False,True,S1B_IW_SLC__1SDV_20200803T075720_20200803T075748_022756_02B2FF_E5D2,3
434,validation,SLC,5c3d986db930f848v,10954,3262,100,True,True,S1B_IW_SLC__1SDV_20200803T075720_20200803T075748_022756_02B2FF_E5D2,3
435,validation,SLC,5c3d986db930f848v,889,2434,100,True,False,S1B_IW_SLC__1SDV_20200803T075720_20200803T075748_022756_02B2FF_E5D2,3
436,validation,SLC,5c3d986db930f848v,10002,6019,100,False,False,S1B_IW_SLC__1SDV_20200803T075720_20200803T075748_022756_02B2FF_E5D2,3
437,validation,SLC,5c3d986db930f848v,2402,6877,100,True,False,S1B_IW_SLC__1SDV_20200803T075720_20200803T075748_022756_02B2FF_E5D2,3
438,validation,SLC,5c3d986db930f848v,17263,1941,100,False,True,S1B_IW_SLC__1SDV_20200803T075720_20200803T075748_022756_02B2FF_E5D2,3
439,validation,SLC,5c3d986db930f848v,12944,6643,100,False,False,S1B_IW_SLC__1SDV_20200803T075720_20200803T075748_022756_02B2FF_E5D2,3
440,validation,SLC,5c3d986db930f848v,14875,3938,100,True,True,S1B_IW_SLC__1SDV_20200803T075720_20200803T075748_022756_02B2FF_E5D2,3
441,validation,SLC,5c3d986db930f848v,10248,2386,100,True,False,S1B_IW_SLC__1SDV_20200803T075720_20200803T075748_022756_02B2FF_E5D2,3
442,validation,SLC,5c3d986db930f848v,10190,4879,100,False,False,S1B_IW_SLC__1SDV_20200803T075720_20200803T075748_022756_02B2FF_E5D2,3
443,validation,SLC,5c3d986db930f848v,3684,9064,100,False,False,S1B_IW_SLC__1SDV_20200803T075720_20200803T075748_022756_02B2FF_E5D2,3
444,validation,SLC,5c3d986db930f848v,1055,9731,100,True,True,S1B_IW_SLC__1SDV_20200803T075720_20200803T075748_022756_02B2FF_E5D2,3
445,validation,SLC,5c3d986db930f848v,122,4821,100,True,False,S1B_IW_SLC__1SDV_20200803T075720_20200803T075748_022756_02B2FF_E5D2,3
446,validation,SLC,5c3d986db930f848v,1453,6830,100,True,False,S1B_IW_SLC__1SDV_20200803T075720_20200803T075748_022756_02B2FF_E5D2,3
447,validation,SLC,5c3d986db930f848v,13654,3243,100,True,True,S1B_IW_SLC__1SDV_20200803T075720_20200803T075748_022756_02B2FF_E5D2,3
448,validation,SLC,5c3d986db930f848v,10820,1504,100,True,False,S1B_IW_SLC__1SDV_20200803T075720_20200803T075748_022756_02B2FF_E5D2,3
449,validation,SLC,5c3d986db930f848v,3723,6298,100,False,False,S1B_IW_SLC__1SDV_20200803T075720_20200803T075748_022756_02B2FF_E5D2,3
450,validation,SLC,5c3d986db930f848v,12521,3425,100,True,False,S1B_IW_SLC__1SDV_20200803T075720_20200803T075748_022756_02B2FF_E5D2,3
451,validation,SLC,5c3d986db930f848v,11598,6540,100,False,False,S1B_IW_SLC__1SDV_20200803T075720_20200803T075748_022756_02B2FF_E5D2,3
452,validation,SLC,5c3d986db930f848v,11415,6585,100,True,False,S1B_IW_SLC__1SDV_20200803T075720_20200803T075748_022756_02B2FF_E5D2,3
453,validation,SLC,5c3d986db930f848v,10918,3368,100,True,False,S1B_IW_SLC__1SDV_20200803T075720_20200803T075748_022756_02B2FF_E5D2,3
454,validation,SLC,5c3d986db930f848v,6648,7910,100,False,False,S1B_IW_SLC__1SDV_20200803T075720_20200803T075748_022756_02B2FF_E5D2,3
455,validation,SLC,5c3d986db930f848v,7237,7227,100,True,False,S1B_IW_SLC__1SDV_20200803T075720_20200803T075748_022756_02B2FF_E5D2,3
456,validation,SLC,5c3d986db930f848v,204,9223,100,True,True,S1B_IW_SLC__1SDV_20200803T075720_20200803T075748_022756_02B2FF_E5D2,3
457,validation,SLC,5c3d986db930f848v,8628,10478,100,True,True,S1B_IW_SLC__1SDV_20200803T075720_20200803T075748_022756_02B2FF_E5D2,3
458,validation,SLC,5c3d986db930f848v,8562,3472,100,True,True,S1B_IW_SLC__1SDV_20200803T075720_20200803T075748_022756_02B2FF_E5D2,3
459,validation,SLC,5c3d986db930f848v,8250,3864,100,True,True,S1B_IW_SLC__1SDV_20200803T075720_20200803T075748_022756_02B2FF_E5D2,3
460,validation,SLC,5c3d986db930f848v,5965,6456,100,False,False,S1B_IW_SLC__1SDV_20200803T075720_20200803T075748_022756_02B2FF_E5D2,3
461,validation,SLC,5c3d986db930f848v,13428,3307,100,True,False,S1B_IW_SLC__1SDV_20200803T075720_20200803T075748_022756_02B2FF_E5D2,3
462,validation,SLC,5c3d986db930f848v,11526,2436,100,False,False,S1B_IW_SLC__1SDV_20200803T075720_20200803T075748_022756_02B2FF_E5D2,3
463,validation,SLC,5c3d986db930f848v,11391,6116,100,True,False,S1B_IW_SLC__1SDV_20200803T075720_20200803T075748_022756_02B2FF_E5D2,3
464,validation,SLC,5c3d986db930f848v,2148,9273,100,False,False,S1B_IW_SLC__1SDV_20200803T075720_20200803T075748_022756_02B2FF_E5D2,3
465,validation,SLC,5c3d986db930f848v,7383,7737,100,False,False,S1B_IW_SLC__1SDV_20200803T075720_20200803T075748_022756_02B2FF_E5D2,3
466,validation,SLC,5c3d986db930f848v,6382,7764,100,False,False,S1B_IW_SLC__1SDV_20200803T075720_20200803T075748_022756_02B2FF_E5D2,3
467,validation,SLC,5c3d986db930f848v,4292,5266,100,True,False,S1B_IW_SLC__1SDV_20200803T075720_20200803T075748_022756_02B2FF_E5D2,3
468,validation,SLC,5c3d986db930f848v,9074,2079,100,False,True,S1B_IW_SLC__1SDV_20200803T075720_20200803T075748_022756_02B2FF_E5D2,3
469,validation,SLC,5c3d986db930f848v,1766,5314,100,True,True,S1B_IW_SLC__1SDV_20200803T075720_20200803T075748_022756_02B2FF_E5D2,3
470,validation,SLC,5c3d986db930f848v,14893,2749,100,False,False,S1B_IW_SLC__1SDV_20200803T075720_20200803T075748_022756_02B2FF_E5D2,3
471,validation,SLC,5c3d986db930f848v,10141,6010,100,False,False,S1B_IW_SLC__1SDV_20200803T075720_20200803T075748_022756_02B2FF_E5D2,3
472,validation,SLC,5c3d986db930f848v,7681,4573,100,True,False,S1B_IW_SLC__1SDV_20200803T075720_20200803T075748_022756_02B2FF_E5D2,3
473,validation,SLC,5c3d986db930f848v,12197,2043,100,False,False,S1B_IW_SLC__1SDV_20200803T075720_20200803T075748_022756_02B2FF_E5D2,3
474,validation,SLC,5c3d986db930f848v,10003,4719,100,True,False,S1B_IW_SLC__1SDV_20200803T075720_20200803T075748_022756_02B2FF_E5D2,3
475,validation,SLC,5c3d986db930f848v,7817,7742,100,False,False,S1B_IW_SLC__1SDV_20200803T075720_20200803T075748_022756_02B2FF_E5D2,3
476,validation,SLC,5c3d986db930f848v,6517,2534,100,True,True,S1B_IW_SLC__1SDV_20200803T075720_20200803T075748_022756_02B2FF_E5D2,3
477,validation,SLC,5c3d986db930f848v,3580,2869,100,True,False,S1B_IW_SLC__1SDV_20200803T075720_20200803T075748_022756_02B2FF_E5D2,3
478,validation,SLC,5c3d986db930f848v,10263,3248,100,True,False,S1B_IW_SLC__1SDV_20200803T075720_20200803T075748_022756_02B2FF_E5D2,3
479,validation,SLC,5c3d986db930f848v,8721,3973,100,True,False,S1B_IW_SLC__1SDV_20200803T075720_20200803T075748_022756_02B2FF_E5D2,3
480,validation,SLC,5c3d986db930f848v,8063,6661,100,False,False,S1B_IW_SLC__1SDV_20200803T075720_20200803T075748_022756_02B2FF_E5D2,3
481,validation,SLC,5c3d986db930f848v,13485,4216,100,False,False,S1B_IW_SLC__1SDV_20200803T075720_20200803T075748_022756_02B2FF_E5D2,3
482,validation,SLC,5c3d986db930f848v,12737,2065,100,False,False,S1B_IW_SLC__1SDV_20200803T075720_20200803T075748_022756_02B2FF_E5D2,3
483,validation,SLC,5c3d986db930f848v,11445,6800,100,True,False,S1B_IW_SLC__1SDV_20200803T075720_20200803T075748_022756_02B2FF_E5D2,3
484,validation,SLC,5c3d986db930f848v,11128,2712,100,False,False,S1B_IW_SLC__1SDV_20200803T075720_20200803T075748_022756_02B2FF_E5D2,3
485,validation,SLC,5c3d986db930f848v,986,2277,100,True,True,S1B_IW_SLC__1SDV_20200803T075720_20200803T075748_022756_02B2FF_E5D2,3
486,validation,SLC,5c3d986db930f848v,14035,3186,100,False,False,S1B_IW_SLC__1SDV_20200803T075720_20200803T075748_022756_02B2FF_E5D2,3
487,validation,SLC,5c3d986db930f848v,10984,3280,100,True,True,S1B_IW_SLC__1SDV_20200803T075720_20200803T075748_022756_02B2FF_E5D2,3
488,validation,SLC,5c3d986db930f848v,1734,5091,100,True,False,S1B_IW_SLC__1SDV_20200803T075720_20200803T075748_022756_02B2FF_E5D2,3
489,validation,SLC,5c3d986db930f848v,763,2277,100,False,False,S1B_IW_SLC__1SDV_20200803T075720_20200803T075748_022756_02B2FF_E5D2,3
490,validation,SLC,5c3d986db930f848v,6713,9296,100,False,False,S1B_IW_SLC__1SDV_20200803T075720_20200803T075748_022756_02B2FF_E5D2,3
491,validation,SLC,5c3d986db930f848v,6417,7828,100,True,True,S1B_IW_SLC__1SDV_20200803T075720_20200803T075748_022756_02B2FF_E5D2,3
492,validation,SLC,5c3d986db930f848v,14794,2827,100,True,False,S1B_IW_SLC__1SDV_20200803T075720_20200803T075748_022756_02B2FF_E5D2,3
493,validation,SLC,5c3d986db930f848v,11807,2483,100,True,False,S1B_IW_SLC__1SDV_20200803T075720_20200803T075748_022756_02B2FF_E5D2,3
494,validation,SLC,5c3d986db930f848v,10984,3256,100,True,False,S1B_IW_SLC__1SDV_20200803T075720_20200803T075748_022756_02B2FF_E5D2,3
495,validation,SLC,5c3d986db930f848v,10612,5617,100,True,False,S1B_IW_SLC__1SDV_20200803T075720_20200803T075748_022756_02B2FF_E5D2,3
496,validation,SLC,5c3d986db930f848v,9321,7699,100,False,False,S1B_IW_SLC__1SDV_20200803T075720_20200803T075748_022756_02B2FF_E5D2,3
497,validation,SLC,5c3d986db930f848v,1665,3030,100,True,False,S1B_IW_SLC__1SDV_20200803T075720_20200803T075748_022756_02B2FF_E5D2,3
498,validation,SLC,5c3d986db930f848v,8571,3751,100,True,True,S1B_IW_SLC__1SDV_20200803T075720_20200803T075748_022756_02B2FF_E5D2,3
499,validation,SLC,5c3d986db930f848v,7597,7943,100,True,True,S1B_IW_SLC__1SDV_20200803T075720_20200803T075748_022756_02B2FF_E5D2,3
500,validation,SLC,5c3d986db930f848v,7106,2323,100,True,False,S1B_IW_SLC__1SDV_20200803T075720_20200803T075748_022756_02B2FF_E5D2,3
501,validation,SLC,5c3d986db930f848v,8034,5028,100,False,True,S1B_IW_SLC__1SDV_20200803T075720_20200803T075748_022756_02B2FF_E5D2,3
502,validation,SLC,5c3d986db930f848v,268,10415,100,True,False,S1B_IW_SLC__1SDV_20200803T075720_20200803T075748_022756_02B2FF_E5D2,3
503,validation,SLC,5c3d986db930f848v,10105,3044,100,True,True,S1B_IW_SLC__1SDV_20200803T075720_20200803T075748_022756_02B2FF_E5D2,3
504,validation,SLC,5c3d986db930f848v,1699,3190,100,True,True,S1B_IW_SLC__1SDV_20200803T075720_20200803T075748_022756_02B2FF_E5D2,3
505,validation,SLC,5c3d986db930f848v,12717,4035,100,True,False,S1B_IW_SLC__1SDV_20200803T075720_20200803T075748_022756_02B2FF_E5D2,3
506,validation,SLC,5c3d986db930f848v,4821,7054,100,True,True,S1B_IW_SLC__1SDV_20200803T075720_20200803T075748_022756_02B2FF_E5D2,3
507,validation,SLC,5c3d986db930f848v,1519,3049,100,True,False,S1B_IW_SLC__1SDV_20200803T075720_20200803T075748_022756_02B2FF_E5D2,3
508,validation,SLC,5c3d986db930f848v,2392,7005,100,True,False,S1B_IW_SLC__1SDV_20200803T075720_20200803T075748_022756_02B2FF_E5D2,3
509,validation,SLC,5c3d986db930f848v,14061,4132,100,True,False,S1B_IW_SLC__1SDV_20200803T075720_20200803T075748_022756_02B2FF_E5D2,3
510,validation,SLC,5c3d986db930f848v,16492,1986,100,False,True,S1B_IW_SLC__1SDV_20200803T075720_20200803T075748_022756_02B2FF_E5D2,3
511,validation,SLC,5c3d986db930f848v,10057,5216,100,False,False,S1B_IW_SLC__1SDV_20200803T075720_20200803T075748_022756_02B2FF_E5D2,3
512,validation,SLC,5c3d986db930f848v,3199,8566,100,True,True,S1B_IW_SLC__1SDV_20200803T075720_20200803T075748_022756_02B2FF_E5D2,3
513,validation,SLC,5c3d986db930f848v,1168,2862,100,False,False,S1B_IW_SLC__1SDV_20200803T075720_20200803T075748_022756_02B2FF_E5D2,3
514,validation,SLC,5c3d986db930f848v,11400,6792,100,False,False,S1B_IW_SLC__1SDV_20200803T075720_20200803T075748_022756_02B2FF_E5D2,3
515,validation,SLC,5c3d986db930f848v,4937,7082,100,False,True,S1B_IW_SLC__1SDV_20200803T075720_20200803T075748_022756_02B2FF_E5D2,3
516,validation,SLC,5c3d986db930f848v,1822,2678,100,False,True,S1B_IW_SLC__1SDV_20200803T075720_20200803T075748_022756_02B2FF_E5D2,3
517,validation,SLC,5c3d986db930f848v,10836,7572,100,True,False,S1B_IW_SLC__1SDV_20200803T075720_20200803T075748_022756_02B2FF_E5D2,3
518,validation,SLC,5c3d986db930f848v,8623,10462,100,False,False,S1B_IW_SLC__1SDV_20200803T075720_20200803T075748_022756_02B2FF_E5D2,3
519,validation,SLC,5c3d986db930f848v,7273,7935,100,True,False,S1B_IW_SLC__1SDV_20200803T075720_20200803T075748_022756_02B2FF_E5D2,3
520,validation,SLC,5c3d986db930f848v,12833,2596,100,False,False,S1B_IW_SLC__1SDV_20200803T075720_20200803T075748_022756_02B2FF_E5D2,3
521,validation,SLC,5c3d986db930f848v,12569,5585,100,True,False,S1B_IW_SLC__1SDV_20200803T075720_20200803T075748_022756_02B2FF_E5D2,3
522,validation,SLC,5c3d986db930f848v,10666,7271,100,True,False,S1B_IW_SLC__1SDV_20200803T075720_20200803T075748_022756_02B2FF_E5D2,3
523,validation,SLC,5c3d986db930f848v,10139,3049,100,True,False,S1B_IW_SLC__1SDV_20200803T075720_20200803T075748_022756_02B2FF_E5D2,3
524,validation,SLC,5c3d986db930f848v,8293,1715,100,True,True,S1B_IW_SLC__1SDV_20200803T075720_20200803T075748_022756_02B2FF_E5D2,3
525,validation,SLC,5c3d986db930f848v,4322,7476,100,True,False,S1B_IW_SLC__1SDV_20200803T075720_20200803T075748_022756_02B2FF_E5D2,3
526,validation,SLC,5c3d986db930f848v,3686,10002,100,True,False,S1B_IW_SLC__1SDV_20200803T075720_20200803T075748_022756_02B2FF_E5D2,3
527,validation,SLC,5c3d986db930f848v,15594,2937,100,False,True,S1B_IW_SLC__1SDV_20200803T075720_20200803T075748_022756_02B2FF_E5D2,3
528,validation,SLC,5c3d986db930f848v,10579,4023,100,False,True,S1B_IW_SLC__1SDV_20200803T075720_20200803T075748_022756_02B2FF_E5D2,3
529,validation,SLC,5c3d986db930f848v,10452,6453,100,True,False,S1B_IW_SLC__1SDV_20200803T075720_20200803T075748_022756_02B2FF_E5D2,3
530,validation,SLC,5c3d986db930f848v,3263,7449,100,True,False,S1B_IW_SLC__1SDV_20200803T075720_20200803T075748_022756_02B2FF_E5D2,3
531,validation,SLC,5c3d986db930f848v,2709,9760,100,True,False,S1B_IW_SLC__1SDV_20200803T075720_20200803T075748_022756_02B2FF_E5D2,3
532,validation,SLC,5c3d986db930f848v,10906,3252,100,True,False,S1B_IW_SLC__1SDV_20200803T075720_20200803T075748_022756_02B2FF_E5D2,3
533,validation,SLC,5c3d986db930f848v,11879,6748,100,True,False,S1B_IW_SLC__1SDV_20200803T075720_20200803T075748_022756_02B2FF_E5D2,3
534,validation,SLC,5c3d986db930f848v,8132,1892,100,True,True,S1B_IW_SLC__1SDV_20200803T075720_20200803T075748_022756_02B2FF_E5D2,3
535,validation,SLC,5c3d986db930f848v,14394,4498,100,True,False,S1B_IW_SLC__1SDV_20200803T075720_20200803T075748_022756_02B2FF_E5D2,3
536,validation,SLC,5c3d986db930f848v,13228,2935,100,True,False,S1B_IW_SLC__1SDV_20200803T075720_20200803T075748_022756_02B2FF_E5D2,3
537,validation,SLC,5c3d986db930f848v,10981,3842,100,True,True,S1B_IW_SLC__1SDV_20200803T075720_20200803T075748_022756_02B2FF_E5D2,3
538,validation,SLC,5c3d986db930f848v,10923,5430,100,False,True,S1B_IW_SLC__1SDV_20200803T075720_20200803T075748_022756_02B2FF_E5D2,3
539,validation,SLC,5c3d986db930f848v,8541,3945,100,False,False,S1B_IW_SLC__1SDV_20200803T075720_20200803T075748_022756_02B2FF_E5D2,3
540,validation,SLC,5c3d986db930f848v,5124,10154,100,True,False,S1B_IW_SLC__1SDV_20200803T075720_20200803T075748_022756_02B2FF_E5D2,3
541,validation,SLC,5c3d986db930f848v,2917,2101,100,True,False,S1B_IW_SLC__1SDV_20200803T075720_20200803T075748_022756_02B2FF_E5D2,3
542,validation,SLC,5c3d986db930f848v,11728,3199,100,False,True,S1B_IW_SLC__1SDV_20200803T075720_20200803T075748_022756_02B2FF_E5D2,3
543,validation,SLC,5c3d986db930f848v,3380,2869,100,False,False,S1B_IW_SLC__1SDV_20200803T075720_20200803T075748_022756_02B2FF_E5D2,3
544,validation,SLC,5c3d986db930f848v,13521,2736,100,True,False,S1B_IW_SLC__1SDV_20200803T075720_20200803T075748_022756_02B2FF_E5D2,3
545,validation,SLC,5c3d986db930f848v,4310,3778,100,True,True,S1B_IW_SLC__1SDV_20200803T075720_20200803T075748_022756_02B2FF_E5D2,3
546,validation,SLC,5c3d986db930f848v,8091,4928,100,True,True,S1B_IW_SLC__1SDV_20200803T075720_20200803T075748_022756_02B2FF_E5D2,3
547,validation,SLC,5c3d986db930f848v,2524,5966,100,False,True,S1B_IW_SLC__1SDV_20200803T075720_20200803T075748_022756_02B2FF_E5D2,3
548,validation,SLC,5c3d986db930f848v,14563,3831,100,True,True,S1B_IW_SLC__1SDV_20200803T075720_20200803T075748_022756_02B2FF_E5D2,3
549,validation,SLC,5c3d986db930f848v,11960,3125,100,True,False,S1B_IW_SLC__1SDV_20200803T075720_20200803T075748_022756_02B2FF_E5D2,3
550,validation,SLC,5c3d986db930f848v,7776,5137,100,False,False,S1B_IW_SLC__1SDV_20200803T075720_20200803T075748_022756_02B2FF_E5D2,3
551,validation,SLC,5c3d986db930f848v,2207,10348,100,True,True,S1B_IW_SLC__1SDV_20200803T075720_20200803T075748_022756_02B2FF_E5D2,3
552,validation,SLC,5c3d986db930f848v,11508,3319,100,True,False,S1B_IW_SLC__1SDV_20200803T075720_20200803T075748_022756_02B2FF_E5D2,3
553,validation,SLC,5c3d986db930f848v,2002,2873,100,True,False,S1B_IW_SLC__1SDV_20200803T075720_20200803T075748_022756_02B2FF_E5D2,3
554,validation,SLC,5c3d986db930f848v,12685,2233,100,False,False,S1B_IW_SLC__1SDV_20200803T075720_20200803T075748_022756_02B2FF_E5D2,3
555,validation,SLC,5c3d986db930f848v,13581,4231,100,True,False,S1B_IW_SLC__1SDV_20200803T075720_20200803T075748_022756_02B2FF_E5D2,3
556,validation,SLC,5c3d986db930f848v,8536,9784,100,False,True,S1B_IW_SLC__1SDV_20200803T075720_20200803T075748_022756_02B2FF_E5D2,3
557,validation,SLC,5c3d986db930f848v,6751,5622,100,False,False,S1B_IW_SLC__1SDV_20200803T075720_20200803T075748_022756_02B2FF_E5D2,3
558,validation,SLC,5c3d986db930f848v,5313,9260,100,True,False,S1B_IW_SLC__1SDV_20200803T075720_20200803T075748_022756_02B2FF_E5D2,3
559,validation,SLC,5c3d986db930f848v,5297,7076,100,True,False,S1B_IW_SLC__1SDV_20200803T075720_20200803T075748_022756_02B2FF_E5D2,3
560,validation,SLC,5c3d986db930f848v,4629,3159,100,True,False,S1B_IW_SLC__1SDV_20200803T075720_20200803T075748_022756_02B2FF_E5D2,3
561,validation,SLC,5c3d986db930f848v,4401,5718,100,True,False,S1B_IW_SLC__1SDV_20200803T075720_20200803T075748_022756_02B2FF_E5D2,3
562,validation,SLC,5c3d986db930f848v,12402,5209,100,False,False,S1B_IW_SLC__1SDV_20200803T075720_20200803T075748_022756_02B2FF_E5D2,3
563,validation,SLC,5c3d986db930f848v,4736,4697,100,True,False,S1B_IW_SLC__1SDV_20200803T075720_20200803T075748_022756_02B2FF_E5D2,3
564,validation,SLC,5c3d986db930f848v,6685,9449,100,False,False,S1B_IW_SLC__1SDV_20200803T075720_20200803T075748_022756_02B2FF_E5D2,3
565,validation,SLC,5c3d986db930f848v,6416,7795,100,True,False,S1B_IW_SLC__1SDV_20200803T075720_20200803T075748_022756_02B2FF_E5D2,3
566,validation,SLC,5c3d986db930f848v,9006,4903,100,False,False,S1B_IW_SLC__1SDV_20200803T075720_20200803T075748_022756_02B2FF_E5D2,3
567,validation,SLC,5c3d986db930f848v,6911,9343,100,False,False,S1B_IW_SLC__1SDV_20200803T075720_20200803T075748_022756_02B2FF_E5D2,3
568,validation,SLC,5c3d986db930f848v,1819,10342,100,False,False,S1B_IW_SLC__1SDV_20200803T075720_20200803T075748_022756_02B2FF_E5D2,3
569,validation,SLC,5c3d986db930f848v,11802,5069,100,True,False,S1B_IW_SLC__1SDV_20200803T075720_20200803T075748_022756_02B2FF_E5D2,3
570,validation,SLC,5c3d986db930f848v,11767,6347,100,True,False,S1B_IW_SLC__1SDV_20200803T075720_20200803T075748_022756_02B2FF_E5D2,3
571,validation,SLC,5c3d986db930f848v,12033,4989,100,False,False,S1B_IW_SLC__1SDV_20200803T075720_20200803T075748_022756_02B2FF_E5D2,3
572,validation,SLC,5c3d986db930f848v,5639,9193,100,False,False,S1B_IW_SLC__1SDV_20200803T075720_20200803T075748_022756_02B2FF_E5D2,3
573,validation,SLC,5c3d986db930f848v,11324,6100,100,True,True,S1B_IW_SLC__1SDV_20200803T075720_20200803T075748_022756_02B2FF_E5D2,3
574,validation,SLC,5c3d986db930f848v,5780,9172,100,True,False,S1B_IW_SLC__1SDV_20200803T075720_20200803T075748_022756_02B2FF_E5D2,3
575,validation,SLC,5c3d986db930f848v,3115,7430,100,False,True,S1B_IW_SLC__1SDV_20200803T075720_20200803T075748_022756_02B2FF_E5D2,3
576,validation,SLC,5c3d986db930f848v,11509,4866,100,True,False,S1B_IW_SLC__1SDV_20200803T075720_20200803T075748_022756_02B2FF_E5D2,3
577,validation,SLC,5c3d986db930f848v,6963,2186,100,False,True,S1B_IW_SLC__1SDV_20200803T075720_20200803T075748_022756_02B2FF_E5D2,3
578,validation,SLC,5c3d986db930f848v,12641,2044,100,True,True,S1B_IW_SLC__1SDV_20200803T075720_20200803T075748_022756_02B2FF_E5D2,3
579,validation,SLC,5c3d986db930f848v,6127,5850,100,True,False,S1B_IW_SLC__1SDV_20200803T075720_20200803T075748_022756_02B2FF_E5D2,3
580,validation,SLC,5c3d986db930f848v,15708,4472,100,True,False,S1B_IW_SLC__1SDV_20200803T075720_20200803T075748_022756_02B2FF_E5D2,3
581,validation,SLC,5c3d986db930f848v,6134,9410,100,False,True,S1B_IW_SLC__1SDV_20200803T075720_20200803T075748_022756_02B2FF_E5D2,3
582,validation,SLC,5c3d986db930f848v,11002,5489,100,False,False,S1B_IW_SLC__1SDV_20200803T075720_20200803T075748_022756_02B2FF_E5D2,3
583,validation,SLC,5c3d986db930f848v,10877,3270,100,True,False,S1B_IW_SLC__1SDV_20200803T075720_20200803T075748_022756_02B2FF_E5D2,3
584,validation,SLC,5c3d986db930f848v,8829,1663,100,False,False,S1B_IW_SLC__1SDV_20200803T075720_20200803T075748_022756_02B2FF_E5D2,3
585,validation,SLC,5c3d986db930f848v,732,8652,100,False,False,S1B_IW_SLC__1SDV_20200803T075720_20200803T075748_022756_02B2FF_E5D2,3
586,validation,SLC,5c3d986db930f848v,5520,5777,100,False,False,S1B_IW_SLC__1SDV_20200803T075720_20200803T075748_022756_02B2FF_E5D2,3
587,validation,SLC,5c3d986db930f848v,1407,6581,100,True,False,S1B_IW_SLC__1SDV_20200803T075720_20200803T075748_022756_02B2FF_E5D2,3
588,validation,SLC,5c3d986db930f848v,13239,3654,100,True,False,S1B_IW_SLC__1SDV_20200803T075720_20200803T075748_022756_02B2FF_E5D2,3
589,validation,SLC,5c3d986db930f848v,8260,5827,100,False,False,S1B_IW_SLC__1SDV_20200803T075720_20200803T075748_022756_02B2FF_E5D2,3
590,validation,SLC,5c3d986db930f848v,5786,6189,100,False,False,S1B_IW_SLC__1SDV_20200803T075720_20200803T075748_022756_02B2FF_E5D2,3
591,validation,SLC,5c3d986db930f848v,12978,3233,100,True,False,S1B_IW_SLC__1SDV_20200803T075720_20200803T075748_022756_02B2FF_E5D2,3
592,validation,SLC,5c3d986db930f848v,13347,2086,100,True,False,S1B_IW_SLC__1SDV_20200803T075720_20200803T075748_022756_02B2FF_E5D2,3
593,validation,SLC,5c3d986db930f848v,12462,5324,100,True,False,S1B_IW_SLC__1SDV_20200803T075720_20200803T075748_022756_02B2FF_E5D2,3
594,validation,SLC,5c3d986db930f848v,458,2977,100,True,False,S1B_IW_SLC__1SDV_20200803T075720_20200803T075748_022756_02B2FF_E5D2,3
595,validation,SLC,5c3d986db930f848v,11256,1516,100,False,False,S1B_IW_SLC__1SDV_20200803T075720_20200803T075748_022756_02B2FF_E5D2,3
596,validation,SLC,5c3d986db930f848v,6803,6266,100,True,False,S1B_IW_SLC__1SDV_20200803T075720_20200803T075748_022756_02B2FF_E5D2,3
597,validation,SLC,5c3d986db930f848v,6256,7208,100,True,True,S1B_IW_SLC__1SDV_20200803T075720_20200803T075748_022756_02B2FF_E5D2,3
598,validation,SLC,5c3d986db930f848v,18539,1839,100,True,False,S1B_IW_SLC__1SDV_20200803T075720_20200803T075748_022756_02B2FF_E5D2,3
599,validation,SLC,5c3d986db930f848v,10657,5630,100,False,True,S1B_IW_SLC__1SDV_20200803T075720_20200803T075748_022756_02B2FF_E5D2,3
